{
  "Total" : {
    "transaction" : "Total",
    "sampleCount" : 22215,
    "errorCount" : 0,
    "errorPct" : 0.0,
    "meanResTime" : 20.811478730587446,
    "medianResTime" : 8.0,
    "minResTime" : 4.0,
    "maxResTime" : 544.0,
    "pct1ResTime" : 58.0,
    "pct2ResTime" : 66.0,
    "pct3ResTime" : 92.0,
    "throughput" : 370.2376587447085,
    "receivedKBytesPerSec" : 20.608932176219124,
    "sentKBytesPerSec" : 38480.21426629529
  },
  "Put asset" : {
    "transaction" : "Put asset",
    "sampleCount" : 22215,
    "errorCount" : 0,
    "errorPct" : 0.0,
    "meanResTime" : 20.811478730587446,
    "medianResTime" : 8.0,
    "minResTime" : 4.0,
    "maxResTime" : 544.0,
    "pct1ResTime" : 58.0,
    "pct2ResTime" : 66.0,
    "pct3ResTime" : 92.0,
    "throughput" : 370.2376587447085,
    "receivedKBytesPerSec" : 20.608932176219124,
    "sentKBytesPerSec" : 38480.21426629529
  }
}