{
  "Total" : {
    "transaction" : "Total",
    "sampleCount" : 94033,
    "errorCount" : 0,
    "errorPct" : 0.0,
    "meanResTime" : 17.6589495177225,
    "medianResTime" : 7.0,
    "minResTime" : 3.0,
    "maxResTime" : 472.0,
    "pct1ResTime" : 50.0,
    "pct2ResTime" : 56.0,
    "pct3ResTime" : 76.9800000000032,
    "throughput" : 522.6639838586857,
    "receivedKBytesPerSec" : 29.09360066400887,
    "sentKBytesPerSec" : 53804.182627972994
  },
  "Put asset" : {
    "transaction" : "Put asset",
    "sampleCount" : 94033,
    "errorCount" : 0,
    "errorPct" : 0.0,
    "meanResTime" : 17.6589495177225,
    "medianResTime" : 7.0,
    "minResTime" : 3.0,
    "maxResTime" : 472.0,
    "pct1ResTime" : 50.0,
    "pct2ResTime" : 56.0,
    "pct3ResTime" : 76.9800000000032,
    "throughput" : 522.6639838586857,
    "receivedKBytesPerSec" : 29.09360066400887,
    "sentKBytesPerSec" : 53804.182627972994
  }
}