{
  "Total" : {
    "transaction" : "Total",
    "sampleCount" : 94040,
    "errorCount" : 0,
    "errorPct" : 0.0,
    "meanResTime" : 17.657316035729362,
    "medianResTime" : 7.0,
    "minResTime" : 3.0,
    "maxResTime" : 450.0,
    "pct1ResTime" : 49.0,
    "pct2ResTime" : 55.0,
    "pct3ResTime" : 76.0,
    "throughput" : 522.7755356170019,
    "receivedKBytesPerSec" : 29.09981008805577,
    "sentKBytesPerSec" : 53812.71706455755
  },
  "Put asset" : {
    "transaction" : "Put asset",
    "sampleCount" : 94040,
    "errorCount" : 0,
    "errorPct" : 0.0,
    "meanResTime" : 17.657316035729362,
    "medianResTime" : 7.0,
    "minResTime" : 3.0,
    "maxResTime" : 450.0,
    "pct1ResTime" : 49.0,
    "pct2ResTime" : 55.0,
    "pct3ResTime" : 76.0,
    "throughput" : 522.7755356170019,
    "receivedKBytesPerSec" : 29.09981008805577,
    "sentKBytesPerSec" : 53812.71706455755
  }
}