{
  "Total" : {
    "transaction" : "Total",
    "sampleCount" : 85358,
    "errorCount" : 0,
    "errorPct" : 0.0,
    "meanResTime" : 19.461151854542013,
    "medianResTime" : 8.0,
    "minResTime" : 3.0,
    "maxResTime" : 631.0,
    "pct1ResTime" : 54.0,
    "pct2ResTime" : 61.0,
    "pct3ResTime" : 83.0,
    "throughput" : 474.334965240924,
    "receivedKBytesPerSec" : 26.403411151106123,
    "sentKBytesPerSec" : 48838.52117701393
  },
  "Put asset" : {
    "transaction" : "Put asset",
    "sampleCount" : 85358,
    "errorCount" : 0,
    "errorPct" : 0.0,
    "meanResTime" : 19.461151854542013,
    "medianResTime" : 8.0,
    "minResTime" : 3.0,
    "maxResTime" : 631.0,
    "pct1ResTime" : 54.0,
    "pct2ResTime" : 61.0,
    "pct3ResTime" : 83.0,
    "throughput" : 474.334965240924,
    "receivedKBytesPerSec" : 26.403411151106123,
    "sentKBytesPerSec" : 48838.52117701393
  }
}