{
  "Total" : {
    "transaction" : "Total",
    "sampleCount" : 85059,
    "errorCount" : 0,
    "errorPct" : 0.0,
    "meanResTime" : 19.529103328278133,
    "medianResTime" : 7.0,
    "minResTime" : 3.0,
    "maxResTime" : 551.0,
    "pct1ResTime" : 54.0,
    "pct2ResTime" : 61.0,
    "pct3ResTime" : 94.9900000000016,
    "throughput" : 472.73909563825526,
    "receivedKBytesPerSec" : 26.31457856580132,
    "sentKBytesPerSec" : 48803.04188732785
  },
  "Put asset" : {
    "transaction" : "Put asset",
    "sampleCount" : 85059,
    "errorCount" : 0,
    "errorPct" : 0.0,
    "meanResTime" : 19.529103328278133,
    "medianResTime" : 7.0,
    "minResTime" : 3.0,
    "maxResTime" : 551.0,
    "pct1ResTime" : 54.0,
    "pct2ResTime" : 61.0,
    "pct3ResTime" : 94.9900000000016,
    "throughput" : 472.73909563825526,
    "receivedKBytesPerSec" : 26.31457856580132,
    "sentKBytesPerSec" : 48803.04188732785
  }
}