{
  "Total" : {
    "transaction" : "Total",
    "sampleCount" : 85878,
    "errorCount" : 0,
    "errorPct" : 0.0,
    "meanResTime" : 19.339260346072443,
    "medianResTime" : 7.0,
    "minResTime" : 3.0,
    "maxResTime" : 558.0,
    "pct1ResTime" : 54.0,
    "pct2ResTime" : 61.0,
    "pct3ResTime" : 79.9900000000016,
    "throughput" : 477.2882637040166,
    "receivedKBytesPerSec" : 26.56780374133686,
    "sentKBytesPerSec" : 49164.39179112837
  },
  "Put asset" : {
    "transaction" : "Put asset",
    "sampleCount" : 85878,
    "errorCount" : 0,
    "errorPct" : 0.0,
    "meanResTime" : 19.339260346072443,
    "medianResTime" : 7.0,
    "minResTime" : 3.0,
    "maxResTime" : 558.0,
    "pct1ResTime" : 54.0,
    "pct2ResTime" : 61.0,
    "pct3ResTime" : 79.9900000000016,
    "throughput" : 477.2882637040166,
    "receivedKBytesPerSec" : 26.56780374133686,
    "sentKBytesPerSec" : 49164.39179112837
  }
}