{
  "Total" : {
    "transaction" : "Total",
    "sampleCount" : 94511,
    "errorCount" : 0,
    "errorPct" : 0.0,
    "meanResTime" : 17.573996677635197,
    "medianResTime" : 7.0,
    "minResTime" : 3.0,
    "maxResTime" : 455.0,
    "pct1ResTime" : 49.0,
    "pct2ResTime" : 55.0,
    "pct3ResTime" : 76.0,
    "throughput" : 525.2040833337965,
    "receivedKBytesPerSec" : 29.234992919947654,
    "sentKBytesPerSec" : 54105.199215906345
  },
  "Put asset" : {
    "transaction" : "Put asset",
    "sampleCount" : 94511,
    "errorCount" : 0,
    "errorPct" : 0.0,
    "meanResTime" : 17.573996677635197,
    "medianResTime" : 7.0,
    "minResTime" : 3.0,
    "maxResTime" : 455.0,
    "pct1ResTime" : 49.0,
    "pct2ResTime" : 55.0,
    "pct3ResTime" : 76.0,
    "throughput" : 525.2040833337965,
    "receivedKBytesPerSec" : 29.234992919947654,
    "sentKBytesPerSec" : 54105.199215906345
  }
}