{
  "Total" : {
    "transaction" : "Total",
    "sampleCount" : 12981,
    "errorCount" : 0,
    "errorPct" : 0.0,
    "meanResTime" : 12.573068330637,
    "medianResTime" : 7.0,
    "minResTime" : 4.0,
    "maxResTime" : 69.0,
    "pct1ResTime" : 47.0,
    "pct2ResTime" : 55.0,
    "pct3ResTime" : 63.0,
    "throughput" : 434.8889410030487,
    "receivedKBytesPerSec" : 24.207685192552514,
    "sentKBytesPerSec" : 7155.703368412677
  },
  "Put asset" : {
    "transaction" : "Put asset",
    "sampleCount" : 12981,
    "errorCount" : 0,
    "errorPct" : 0.0,
    "meanResTime" : 12.573068330637,
    "medianResTime" : 7.0,
    "minResTime" : 4.0,
    "maxResTime" : 69.0,
    "pct1ResTime" : 47.0,
    "pct2ResTime" : 55.0,
    "pct3ResTime" : 63.0,
    "throughput" : 434.8889410030487,
    "receivedKBytesPerSec" : 24.207685192552514,
    "sentKBytesPerSec" : 7155.703368412677
  }
}