{
  "Total" : {
    "transaction" : "Total",
    "sampleCount" : 14076,
    "errorCount" : 0,
    "errorPct" : 0.0,
    "meanResTime" : 11.622691105427633,
    "medianResTime" : 6.0,
    "minResTime" : 3.0,
    "maxResTime" : 74.0,
    "pct1ResTime" : 47.0,
    "pct2ResTime" : 55.0,
    "pct3ResTime" : 63.0,
    "throughput" : 470.2345159350571,
    "receivedKBytesPerSec" : 26.175163484666264,
    "sentKBytesPerSec" : 7741.672304068951
  },
  "Put asset" : {
    "transaction" : "Put asset",
    "sampleCount" : 14076,
    "errorCount" : 0,
    "errorPct" : 0.0,
    "meanResTime" : 11.622691105427633,
    "medianResTime" : 6.0,
    "minResTime" : 3.0,
    "maxResTime" : 74.0,
    "pct1ResTime" : 47.0,
    "pct2ResTime" : 55.0,
    "pct3ResTime" : 63.0,
    "throughput" : 470.2345159350571,
    "receivedKBytesPerSec" : 26.175163484666264,
    "sentKBytesPerSec" : 7741.672304068951
  }
}