{
  "Total" : {
    "transaction" : "Total",
    "sampleCount" : 115,
    "errorCount" : 115,
    "errorPct" : 100.0,
    "meanResTime" : 3287.321739130435,
    "medianResTime" : 4.0,
    "minResTime" : 3.0,
    "maxResTime" : 51183.0,
    "pct1ResTime" : 51.0,
    "pct2ResTime" : 36879.99999999996,
    "pct3ResTime" : 50719.48000000001,
    "throughput" : 2.2442527614066585,
    "receivedKBytesPerSec" : 0.559347983587682,
    "sentKBytesPerSec" : 38.29345846058897
  },
  "Put asset" : {
    "transaction" : "Put asset",
    "sampleCount" : 115,
    "errorCount" : 115,
    "errorPct" : 100.0,
    "meanResTime" : 3287.321739130435,
    "medianResTime" : 4.0,
    "minResTime" : 3.0,
    "maxResTime" : 51183.0,
    "pct1ResTime" : 51.0,
    "pct2ResTime" : 36879.99999999996,
    "pct3ResTime" : 50719.48000000001,
    "throughput" : 2.2442527614066585,
    "receivedKBytesPerSec" : 0.559347983587682,
    "sentKBytesPerSec" : 38.29345846058897
  }
}