{
  "Total" : {
    "transaction" : "Total",
    "sampleCount" : 19677,
    "errorCount" : 0,
    "errorPct" : 0.0,
    "meanResTime" : 8.27931087055953,
    "medianResTime" : 8.0,
    "minResTime" : 3.0,
    "maxResTime" : 223.0,
    "pct1ResTime" : 12.0,
    "pct2ResTime" : 13.0,
    "pct3ResTime" : 16.0,
    "throughput" : 658.8869541923385,
    "receivedKBytesPerSec" : 36.67632459859697,
    "sentKBytesPerSec" : 10836.24893789345
  },
  "Put asset" : {
    "transaction" : "Put asset",
    "sampleCount" : 19677,
    "errorCount" : 0,
    "errorPct" : 0.0,
    "meanResTime" : 8.27931087055953,
    "medianResTime" : 8.0,
    "minResTime" : 3.0,
    "maxResTime" : 223.0,
    "pct1ResTime" : 12.0,
    "pct2ResTime" : 13.0,
    "pct3ResTime" : 16.0,
    "throughput" : 658.8869541923385,
    "receivedKBytesPerSec" : 36.67632459859697,
    "sentKBytesPerSec" : 10836.24893789345
  }
}