{
  "Total" : {
    "transaction" : "Total",
    "sampleCount" : 19775,
    "errorCount" : 0,
    "errorPct" : 0.0,
    "meanResTime" : 8.239646017699144,
    "medianResTime" : 8.0,
    "minResTime" : 3.0,
    "maxResTime" : 178.0,
    "pct1ResTime" : 12.0,
    "pct2ResTime" : 13.0,
    "pct3ResTime" : 16.0,
    "throughput" : 661.9246861924686,
    "receivedKBytesPerSec" : 36.84541710251046,
    "sentKBytesPerSec" : 16208.311748169455
  },
  "Put asset" : {
    "transaction" : "Put asset",
    "sampleCount" : 19775,
    "errorCount" : 0,
    "errorPct" : 0.0,
    "meanResTime" : 8.239646017699144,
    "medianResTime" : 8.0,
    "minResTime" : 3.0,
    "maxResTime" : 178.0,
    "pct1ResTime" : 12.0,
    "pct2ResTime" : 13.0,
    "pct3ResTime" : 16.0,
    "throughput" : 661.9246861924686,
    "receivedKBytesPerSec" : 36.84541710251046,
    "sentKBytesPerSec" : 16208.311748169455
  }
}