{
  "Total" : {
    "transaction" : "Total",
    "sampleCount" : 12928,
    "errorCount" : 0,
    "errorPct" : 0.0,
    "meanResTime" : 12.659730816831678,
    "medianResTime" : 7.0,
    "minResTime" : 4.0,
    "maxResTime" : 71.0,
    "pct1ResTime" : 47.0,
    "pct2ResTime" : 55.0,
    "pct3ResTime" : 63.0,
    "throughput" : 432.43243243243245,
    "receivedKBytesPerSec" : 24.070945945945944,
    "sentKBytesPerSec" : 7123.908357566647
  },
  "Put asset" : {
    "transaction" : "Put asset",
    "sampleCount" : 12928,
    "errorCount" : 0,
    "errorPct" : 0.0,
    "meanResTime" : 12.659730816831678,
    "medianResTime" : 7.0,
    "minResTime" : 4.0,
    "maxResTime" : 71.0,
    "pct1ResTime" : 47.0,
    "pct2ResTime" : 55.0,
    "pct3ResTime" : 63.0,
    "throughput" : 432.43243243243245,
    "receivedKBytesPerSec" : 24.070945945945944,
    "sentKBytesPerSec" : 7123.908357566647
  }
}