{
  "Total" : {
    "transaction" : "Total",
    "sampleCount" : 11674,
    "errorCount" : 0,
    "errorPct" : 0.0,
    "meanResTime" : 14.041202672605833,
    "medianResTime" : 6.0,
    "minResTime" : 3.0,
    "maxResTime" : 71.0,
    "pct1ResTime" : 52.0,
    "pct2ResTime" : 58.0,
    "pct3ResTime" : 64.0,
    "throughput" : 389.8220189000567,
    "receivedKBytesPerSec" : 21.699077223928942,
    "sentKBytesPerSec" : 9552.094996733813
  },
  "Put asset" : {
    "transaction" : "Put asset",
    "sampleCount" : 11674,
    "errorCount" : 0,
    "errorPct" : 0.0,
    "meanResTime" : 14.041202672605833,
    "medianResTime" : 6.0,
    "minResTime" : 3.0,
    "maxResTime" : 71.0,
    "pct1ResTime" : 52.0,
    "pct2ResTime" : 58.0,
    "pct3ResTime" : 64.0,
    "throughput" : 389.8220189000567,
    "receivedKBytesPerSec" : 21.699077223928942,
    "sentKBytesPerSec" : 9552.094996733813
  }
}