{
  "Total" : {
    "transaction" : "Total",
    "sampleCount" : 19615,
    "errorCount" : 0,
    "errorPct" : 0.0,
    "meanResTime" : 8.300280397654797,
    "medianResTime" : 8.0,
    "minResTime" : 3.0,
    "maxResTime" : 223.0,
    "pct1ResTime" : 12.0,
    "pct2ResTime" : 13.0,
    "pct3ResTime" : 16.0,
    "throughput" : 656.4811406004218,
    "receivedKBytesPerSec" : 36.54240724045316,
    "sentKBytesPerSec" : 10791.851515958115
  },
  "Put asset" : {
    "transaction" : "Put asset",
    "sampleCount" : 19615,
    "errorCount" : 0,
    "errorPct" : 0.0,
    "meanResTime" : 8.300280397654797,
    "medianResTime" : 8.0,
    "minResTime" : 3.0,
    "maxResTime" : 223.0,
    "pct1ResTime" : 12.0,
    "pct2ResTime" : 13.0,
    "pct3ResTime" : 16.0,
    "throughput" : 656.4811406004218,
    "receivedKBytesPerSec" : 36.54240724045316,
    "sentKBytesPerSec" : 10791.851515958115
  }
}