{
  "Total" : {
    "transaction" : "Total",
    "sampleCount" : 19394,
    "errorCount" : 0,
    "errorPct" : 0.0,
    "meanResTime" : 8.395483139115196,
    "medianResTime" : 8.0,
    "minResTime" : 3.0,
    "maxResTime" : 213.0,
    "pct1ResTime" : 12.0,
    "pct2ResTime" : 14.0,
    "pct3ResTime" : 16.0,
    "throughput" : 649.3019518564398,
    "receivedKBytesPerSec" : 36.14278442950886,
    "sentKBytesPerSec" : 10676.49197066775
  },
  "Put asset" : {
    "transaction" : "Put asset",
    "sampleCount" : 19394,
    "errorCount" : 0,
    "errorPct" : 0.0,
    "meanResTime" : 8.395483139115196,
    "medianResTime" : 8.0,
    "minResTime" : 3.0,
    "maxResTime" : 213.0,
    "pct1ResTime" : 12.0,
    "pct2ResTime" : 14.0,
    "pct3ResTime" : 16.0,
    "throughput" : 649.3019518564398,
    "receivedKBytesPerSec" : 36.14278442950886,
    "sentKBytesPerSec" : 10676.49197066775
  }
}