{
  "Total" : {
    "transaction" : "Total",
    "sampleCount" : 19485,
    "errorCount" : 0,
    "errorPct" : 0.0,
    "meanResTime" : 8.354939697202937,
    "medianResTime" : 8.0,
    "minResTime" : 3.0,
    "maxResTime" : 233.0,
    "pct1ResTime" : 12.0,
    "pct2ResTime" : 13.0,
    "pct3ResTime" : 16.0,
    "throughput" : 652.9169319438394,
    "receivedKBytesPerSec" : 36.34400890703012,
    "sentKBytesPerSec" : 15983.640099332339
  },
  "Put asset" : {
    "transaction" : "Put asset",
    "sampleCount" : 19485,
    "errorCount" : 0,
    "errorPct" : 0.0,
    "meanResTime" : 8.354939697202937,
    "medianResTime" : 8.0,
    "minResTime" : 3.0,
    "maxResTime" : 233.0,
    "pct1ResTime" : 12.0,
    "pct2ResTime" : 13.0,
    "pct3ResTime" : 16.0,
    "throughput" : 652.9169319438394,
    "receivedKBytesPerSec" : 36.34400890703012,
    "sentKBytesPerSec" : 15983.640099332339
  }
}