{
  "Total" : {
    "transaction" : "Total",
    "sampleCount" : 19343,
    "errorCount" : 0,
    "errorPct" : 0.0,
    "meanResTime" : 8.394096055420581,
    "medianResTime" : 8.0,
    "minResTime" : 3.0,
    "maxResTime" : 220.0,
    "pct1ResTime" : 12.0,
    "pct2ResTime" : 14.0,
    "pct3ResTime" : 17.0,
    "throughput" : 648.3976937516761,
    "receivedKBytesPerSec" : 36.09244974984915,
    "sentKBytesPerSec" : 15870.815302674142
  },
  "Put asset" : {
    "transaction" : "Put asset",
    "sampleCount" : 19343,
    "errorCount" : 0,
    "errorPct" : 0.0,
    "meanResTime" : 8.394096055420581,
    "medianResTime" : 8.0,
    "minResTime" : 3.0,
    "maxResTime" : 220.0,
    "pct1ResTime" : 12.0,
    "pct2ResTime" : 14.0,
    "pct3ResTime" : 17.0,
    "throughput" : 648.3976937516761,
    "receivedKBytesPerSec" : 36.09244974984915,
    "sentKBytesPerSec" : 15870.815302674142
  }
}