{
  "Total" : {
    "transaction" : "Total",
    "sampleCount" : 19486,
    "errorCount" : 0,
    "errorPct" : 0.0,
    "meanResTime" : 8.360309966129481,
    "medianResTime" : 8.0,
    "minResTime" : 3.0,
    "maxResTime" : 225.0,
    "pct1ResTime" : 12.0,
    "pct2ResTime" : 13.0,
    "pct3ResTime" : 16.0,
    "throughput" : 652.8410613776467,
    "receivedKBytesPerSec" : 36.339785643091666,
    "sentKBytesPerSec" : 15980.42716560783
  },
  "Put asset" : {
    "transaction" : "Put asset",
    "sampleCount" : 19486,
    "errorCount" : 0,
    "errorPct" : 0.0,
    "meanResTime" : 8.360309966129481,
    "medianResTime" : 8.0,
    "minResTime" : 3.0,
    "maxResTime" : 225.0,
    "pct1ResTime" : 12.0,
    "pct2ResTime" : 13.0,
    "pct3ResTime" : 16.0,
    "throughput" : 652.8410613776467,
    "receivedKBytesPerSec" : 36.339785643091666,
    "sentKBytesPerSec" : 15980.42716560783
  }
}