{
  "Total" : {
    "transaction" : "Total",
    "sampleCount" : 12860,
    "errorCount" : 0,
    "errorPct" : 0.0,
    "meanResTime" : 12.738880248833558,
    "medianResTime" : 5.0,
    "minResTime" : 3.0,
    "maxResTime" : 64.0,
    "pct1ResTime" : 47.0,
    "pct2ResTime" : 53.0,
    "pct3ResTime" : 59.0,
    "throughput" : 429.54006479842343,
    "receivedKBytesPerSec" : 23.909945013193493,
    "sentKBytesPerSec" : 10528.819341515247
  },
  "Put asset" : {
    "transaction" : "Put asset",
    "sampleCount" : 12860,
    "errorCount" : 0,
    "errorPct" : 0.0,
    "meanResTime" : 12.738880248833558,
    "medianResTime" : 5.0,
    "minResTime" : 3.0,
    "maxResTime" : 64.0,
    "pct1ResTime" : 47.0,
    "pct2ResTime" : 53.0,
    "pct3ResTime" : 59.0,
    "throughput" : 429.54006479842343,
    "receivedKBytesPerSec" : 23.909945013193493,
    "sentKBytesPerSec" : 10528.819341515247
  }
}