{
  "Total" : {
    "transaction" : "Total",
    "sampleCount" : 19585,
    "errorCount" : 0,
    "errorPct" : 0.0,
    "meanResTime" : 8.315700791422021,
    "medianResTime" : 8.0,
    "minResTime" : 3.0,
    "maxResTime" : 224.0,
    "pct1ResTime" : 12.0,
    "pct2ResTime" : 14.0,
    "pct3ResTime" : 17.0,
    "throughput" : 656.3997720950497,
    "receivedKBytesPerSec" : 36.537877938884606,
    "sentKBytesPerSec" : 10799.300188576683
  },
  "Put asset" : {
    "transaction" : "Put asset",
    "sampleCount" : 19585,
    "errorCount" : 0,
    "errorPct" : 0.0,
    "meanResTime" : 8.315700791422021,
    "medianResTime" : 8.0,
    "minResTime" : 3.0,
    "maxResTime" : 224.0,
    "pct1ResTime" : 12.0,
    "pct2ResTime" : 14.0,
    "pct3ResTime" : 17.0,
    "throughput" : 656.3997720950497,
    "receivedKBytesPerSec" : 36.537877938884606,
    "sentKBytesPerSec" : 10799.300188576683
  }
}