{
  "Total" : {
    "transaction" : "Total",
    "sampleCount" : 11678,
    "errorCount" : 0,
    "errorPct" : 0.0,
    "meanResTime" : 13.984415139578676,
    "medianResTime" : 6.0,
    "minResTime" : 3.0,
    "maxResTime" : 70.0,
    "pct1ResTime" : 52.0,
    "pct2ResTime" : 58.0,
    "pct3ResTime" : 64.0,
    "throughput" : 390.80382839167396,
    "receivedKBytesPerSec" : 21.753728728833412,
    "sentKBytesPerSec" : 9579.206696077488
  },
  "Put asset" : {
    "transaction" : "Put asset",
    "sampleCount" : 11678,
    "errorCount" : 0,
    "errorPct" : 0.0,
    "meanResTime" : 13.984415139578676,
    "medianResTime" : 6.0,
    "minResTime" : 3.0,
    "maxResTime" : 70.0,
    "pct1ResTime" : 52.0,
    "pct2ResTime" : 58.0,
    "pct3ResTime" : 64.0,
    "throughput" : 390.80382839167396,
    "receivedKBytesPerSec" : 21.753728728833412,
    "sentKBytesPerSec" : 9579.206696077488
  }
}