{
  "Total" : {
    "transaction" : "Total",
    "sampleCount" : 19655,
    "errorCount" : 0,
    "errorPct" : 0.0,
    "meanResTime" : 8.288730602900012,
    "medianResTime" : 8.0,
    "minResTime" : 3.0,
    "maxResTime" : 182.0,
    "pct1ResTime" : 12.0,
    "pct2ResTime" : 13.0,
    "pct3ResTime" : 16.0,
    "throughput" : 657.4458121487824,
    "receivedKBytesPerSec" : 36.59610477781308,
    "sentKBytesPerSec" : 16092.373385287747
  },
  "Put asset" : {
    "transaction" : "Put asset",
    "sampleCount" : 19655,
    "errorCount" : 0,
    "errorPct" : 0.0,
    "meanResTime" : 8.288730602900012,
    "medianResTime" : 8.0,
    "minResTime" : 3.0,
    "maxResTime" : 182.0,
    "pct1ResTime" : 12.0,
    "pct2ResTime" : 13.0,
    "pct3ResTime" : 16.0,
    "throughput" : 657.4458121487824,
    "receivedKBytesPerSec" : 36.59610477781308,
    "sentKBytesPerSec" : 16092.373385287747
  }
}