{
  "Total" : {
    "transaction" : "Total",
    "sampleCount" : 19545,
    "errorCount" : 0,
    "errorPct" : 0.0,
    "meanResTime" : 8.32586339217186,
    "medianResTime" : 8.0,
    "minResTime" : 3.0,
    "maxResTime" : 223.0,
    "pct1ResTime" : 12.0,
    "pct2ResTime" : 13.0,
    "pct3ResTime" : 16.0,
    "throughput" : 655.5864891154865,
    "receivedKBytesPerSec" : 36.492607304280014,
    "sentKBytesPerSec" : 16051.332963755325
  },
  "Put asset" : {
    "transaction" : "Put asset",
    "sampleCount" : 19545,
    "errorCount" : 0,
    "errorPct" : 0.0,
    "meanResTime" : 8.32586339217186,
    "medianResTime" : 8.0,
    "minResTime" : 3.0,
    "maxResTime" : 223.0,
    "pct1ResTime" : 12.0,
    "pct2ResTime" : 13.0,
    "pct3ResTime" : 16.0,
    "throughput" : 655.5864891154865,
    "receivedKBytesPerSec" : 36.492607304280014,
    "sentKBytesPerSec" : 16051.332963755325
  }
}