{
  "Total" : {
    "transaction" : "Total",
    "sampleCount" : 11696,
    "errorCount" : 0,
    "errorPct" : 0.0,
    "meanResTime" : 14.009490424076596,
    "medianResTime" : 6.0,
    "minResTime" : 4.0,
    "maxResTime" : 73.0,
    "pct1ResTime" : 52.0,
    "pct2ResTime" : 58.0,
    "pct3ResTime" : 64.0,
    "throughput" : 390.5957787870692,
    "receivedKBytesPerSec" : 21.742147842639593,
    "sentKBytesPerSec" : 9578.391741406876
  },
  "Put asset" : {
    "transaction" : "Put asset",
    "sampleCount" : 11696,
    "errorCount" : 0,
    "errorPct" : 0.0,
    "meanResTime" : 14.009490424076596,
    "medianResTime" : 6.0,
    "minResTime" : 4.0,
    "maxResTime" : 73.0,
    "pct1ResTime" : 52.0,
    "pct2ResTime" : 58.0,
    "pct3ResTime" : 64.0,
    "throughput" : 390.5957787870692,
    "receivedKBytesPerSec" : 21.742147842639593,
    "sentKBytesPerSec" : 9578.391741406876
  }
}