{
  "Total" : {
    "transaction" : "Total",
    "sampleCount" : 85998,
    "errorCount" : 0,
    "errorPct" : 0.0,
    "meanResTime" : 19.312658433917186,
    "medianResTime" : 8.0,
    "minResTime" : 3.0,
    "maxResTime" : 532.0,
    "pct1ResTime" : 54.0,
    "pct2ResTime" : 61.0,
    "pct3ResTime" : 94.0,
    "throughput" : 477.9870718164487,
    "receivedKBytesPerSec" : 26.606702239782788,
    "sentKBytesPerSec" : 49187.729695759015
  },
  "Put asset" : {
    "transaction" : "Put asset",
    "sampleCount" : 85998,
    "errorCount" : 0,
    "errorPct" : 0.0,
    "meanResTime" : 19.312658433917186,
    "medianResTime" : 8.0,
    "minResTime" : 3.0,
    "maxResTime" : 532.0,
    "pct1ResTime" : 54.0,
    "pct2ResTime" : 61.0,
    "pct3ResTime" : 94.0,
    "throughput" : 477.9870718164487,
    "receivedKBytesPerSec" : 26.606702239782788,
    "sentKBytesPerSec" : 49187.729695759015
  }
}