{
  "Total" : {
    "transaction" : "Total",
    "sampleCount" : 14054,
    "errorCount" : 0,
    "errorPct" : 0.0,
    "meanResTime" : 11.646292870357259,
    "medianResTime" : 6.0,
    "minResTime" : 4.0,
    "maxResTime" : 72.0,
    "pct1ResTime" : 47.0,
    "pct2ResTime" : 55.0,
    "pct3ResTime" : 63.0,
    "throughput" : 469.28008548150126,
    "receivedKBytesPerSec" : 26.12203600824763,
    "sentKBytesPerSec" : 7725.244884101192
  },
  "Put asset" : {
    "transaction" : "Put asset",
    "sampleCount" : 14054,
    "errorCount" : 0,
    "errorPct" : 0.0,
    "meanResTime" : 11.646292870357259,
    "medianResTime" : 6.0,
    "minResTime" : 4.0,
    "maxResTime" : 72.0,
    "pct1ResTime" : 47.0,
    "pct2ResTime" : 55.0,
    "pct3ResTime" : 63.0,
    "throughput" : 469.28008548150126,
    "receivedKBytesPerSec" : 26.12203600824763,
    "sentKBytesPerSec" : 7725.244884101192
  }
}