{
  "Total" : {
    "transaction" : "Total",
    "sampleCount" : 11668,
    "errorCount" : 0,
    "errorPct" : 0.0,
    "meanResTime" : 14.039252656839185,
    "medianResTime" : 6.0,
    "minResTime" : 3.0,
    "maxResTime" : 74.0,
    "pct1ResTime" : 52.0,
    "pct2ResTime" : 58.0,
    "pct3ResTime" : 64.0,
    "throughput" : 389.6476874269494,
    "receivedKBytesPerSec" : 21.689373225914174,
    "sentKBytesPerSec" : 9546.405030315997
  },
  "Put asset" : {
    "transaction" : "Put asset",
    "sampleCount" : 11668,
    "errorCount" : 0,
    "errorPct" : 0.0,
    "meanResTime" : 14.039252656839185,
    "medianResTime" : 6.0,
    "minResTime" : 3.0,
    "maxResTime" : 74.0,
    "pct1ResTime" : 52.0,
    "pct2ResTime" : 58.0,
    "pct3ResTime" : 64.0,
    "throughput" : 389.6476874269494,
    "receivedKBytesPerSec" : 21.689373225914174,
    "sentKBytesPerSec" : 9546.405030315997
  }
}