{
  "Total" : {
    "transaction" : "Total",
    "sampleCount" : 19291,
    "errorCount" : 0,
    "errorPct" : 0.0,
    "meanResTime" : 8.438494634803813,
    "medianResTime" : 8.0,
    "minResTime" : 3.0,
    "maxResTime" : 170.0,
    "pct1ResTime" : 12.0,
    "pct2ResTime" : 14.0,
    "pct3ResTime" : 16.0,
    "throughput" : 645.4429871520343,
    "receivedKBytesPerSec" : 35.92797877701753,
    "sentKBytesPerSec" : 15801.705991430506
  },
  "Put asset" : {
    "transaction" : "Put asset",
    "sampleCount" : 19291,
    "errorCount" : 0,
    "errorPct" : 0.0,
    "meanResTime" : 8.438494634803813,
    "medianResTime" : 8.0,
    "minResTime" : 3.0,
    "maxResTime" : 170.0,
    "pct1ResTime" : 12.0,
    "pct2ResTime" : 14.0,
    "pct3ResTime" : 16.0,
    "throughput" : 645.4429871520343,
    "receivedKBytesPerSec" : 35.92797877701753,
    "sentKBytesPerSec" : 15801.705991430506
  }
}