{
  "Total" : {
    "transaction" : "Total",
    "sampleCount" : 92955,
    "errorCount" : 0,
    "errorPct" : 0.0,
    "meanResTime" : 17.86414931956327,
    "medianResTime" : 7.0,
    "minResTime" : 3.0,
    "maxResTime" : 717.0,
    "pct1ResTime" : 50.0,
    "pct2ResTime" : 56.0,
    "pct3ResTime" : 88.9900000000016,
    "throughput" : 516.6692605273689,
    "receivedKBytesPerSec" : 28.759910009824246,
    "sentKBytesPerSec" : 53156.69101964606
  },
  "Put asset" : {
    "transaction" : "Put asset",
    "sampleCount" : 92955,
    "errorCount" : 0,
    "errorPct" : 0.0,
    "meanResTime" : 17.86414931956327,
    "medianResTime" : 7.0,
    "minResTime" : 3.0,
    "maxResTime" : 717.0,
    "pct1ResTime" : 50.0,
    "pct2ResTime" : 56.0,
    "pct3ResTime" : 88.9900000000016,
    "throughput" : 516.6692605273689,
    "receivedKBytesPerSec" : 28.759910009824246,
    "sentKBytesPerSec" : 53156.69101964606
  }
}