{
  "Total" : {
    "transaction" : "Total",
    "sampleCount" : 19761,
    "errorCount" : 0,
    "errorPct" : 0.0,
    "meanResTime" : 8.219624512929512,
    "medianResTime" : 8.0,
    "minResTime" : 3.0,
    "maxResTime" : 219.0,
    "pct1ResTime" : 12.0,
    "pct2ResTime" : 13.0,
    "pct3ResTime" : 16.0,
    "throughput" : 662.8983562562898,
    "receivedKBytesPerSec" : 36.89961553379739,
    "sentKBytesPerSec" : 16230.355303641816
  },
  "Put asset" : {
    "transaction" : "Put asset",
    "sampleCount" : 19761,
    "errorCount" : 0,
    "errorPct" : 0.0,
    "meanResTime" : 8.219624512929512,
    "medianResTime" : 8.0,
    "minResTime" : 3.0,
    "maxResTime" : 219.0,
    "pct1ResTime" : 12.0,
    "pct2ResTime" : 13.0,
    "pct3ResTime" : 16.0,
    "throughput" : 662.8983562562898,
    "receivedKBytesPerSec" : 36.89961553379739,
    "sentKBytesPerSec" : 16230.355303641816
  }
}