{
  "Total" : {
    "transaction" : "Total",
    "sampleCount" : 11645,
    "errorCount" : 0,
    "errorPct" : 0.0,
    "meanResTime" : 14.062687848862163,
    "medianResTime" : 6.0,
    "minResTime" : 3.0,
    "maxResTime" : 72.0,
    "pct1ResTime" : 52.0,
    "pct2ResTime" : 59.0,
    "pct3ResTime" : 64.0,
    "throughput" : 388.95754701225826,
    "receivedKBytesPerSec" : 21.650957206737033,
    "sentKBytesPerSec" : 9534.423151293046
  },
  "Put asset" : {
    "transaction" : "Put asset",
    "sampleCount" : 11645,
    "errorCount" : 0,
    "errorPct" : 0.0,
    "meanResTime" : 14.062687848862163,
    "medianResTime" : 6.0,
    "minResTime" : 3.0,
    "maxResTime" : 72.0,
    "pct1ResTime" : 52.0,
    "pct2ResTime" : 59.0,
    "pct3ResTime" : 64.0,
    "throughput" : 388.95754701225826,
    "receivedKBytesPerSec" : 21.650957206737033,
    "sentKBytesPerSec" : 9534.423151293046
  }
}