{
  "Total" : {
    "transaction" : "Total",
    "sampleCount" : 19694,
    "errorCount" : 0,
    "errorPct" : 0.0,
    "meanResTime" : 8.270336142987682,
    "medianResTime" : 8.0,
    "minResTime" : 3.0,
    "maxResTime" : 191.0,
    "pct1ResTime" : 12.0,
    "pct2ResTime" : 13.0,
    "pct3ResTime" : 16.0,
    "throughput" : 659.2575235162187,
    "receivedKBytesPerSec" : 36.69695199260202,
    "sentKBytesPerSec" : 16144.012321431559
  },
  "Put asset" : {
    "transaction" : "Put asset",
    "sampleCount" : 19694,
    "errorCount" : 0,
    "errorPct" : 0.0,
    "meanResTime" : 8.270336142987682,
    "medianResTime" : 8.0,
    "minResTime" : 3.0,
    "maxResTime" : 191.0,
    "pct1ResTime" : 12.0,
    "pct2ResTime" : 13.0,
    "pct3ResTime" : 16.0,
    "throughput" : 659.2575235162187,
    "receivedKBytesPerSec" : 36.69695199260202,
    "sentKBytesPerSec" : 16144.012321431559
  }
}