{
  "Total" : {
    "transaction" : "Total",
    "sampleCount" : 19471,
    "errorCount" : 0,
    "errorPct" : 0.0,
    "meanResTime" : 8.365415232910463,
    "medianResTime" : 8.0,
    "minResTime" : 3.0,
    "maxResTime" : 196.0,
    "pct1ResTime" : 12.0,
    "pct2ResTime" : 13.0,
    "pct3ResTime" : 16.0,
    "throughput" : 652.0981948491242,
    "receivedKBytesPerSec" : 36.298434674218825,
    "sentKBytesPerSec" : 10725.50646240455
  },
  "Put asset" : {
    "transaction" : "Put asset",
    "sampleCount" : 19471,
    "errorCount" : 0,
    "errorPct" : 0.0,
    "meanResTime" : 8.365415232910463,
    "medianResTime" : 8.0,
    "minResTime" : 3.0,
    "maxResTime" : 196.0,
    "pct1ResTime" : 12.0,
    "pct2ResTime" : 13.0,
    "pct3ResTime" : 16.0,
    "throughput" : 652.0981948491242,
    "receivedKBytesPerSec" : 36.298434674218825,
    "sentKBytesPerSec" : 10725.50646240455
  }
}