{
  "Total" : {
    "transaction" : "Total",
    "sampleCount" : 19833,
    "errorCount" : 0,
    "errorPct" : 0.0,
    "meanResTime" : 8.19154943780566,
    "medianResTime" : 8.0,
    "minResTime" : 3.0,
    "maxResTime" : 204.0,
    "pct1ResTime" : 12.0,
    "pct2ResTime" : 13.0,
    "pct3ResTime" : 16.0,
    "throughput" : 664.7784407052357,
    "receivedKBytesPerSec" : 37.00426867206878,
    "sentKBytesPerSec" : 16276.390919075133
  },
  "Put asset" : {
    "transaction" : "Put asset",
    "sampleCount" : 19833,
    "errorCount" : 0,
    "errorPct" : 0.0,
    "meanResTime" : 8.19154943780566,
    "medianResTime" : 8.0,
    "minResTime" : 3.0,
    "maxResTime" : 204.0,
    "pct1ResTime" : 12.0,
    "pct2ResTime" : 13.0,
    "pct3ResTime" : 16.0,
    "throughput" : 664.7784407052357,
    "receivedKBytesPerSec" : 37.00426867206878,
    "sentKBytesPerSec" : 16276.390919075133
  }
}