{
  "Total" : {
    "transaction" : "Total",
    "sampleCount" : 12859,
    "errorCount" : 0,
    "errorPct" : 0.0,
    "meanResTime" : 12.717474142623848,
    "medianResTime" : 7.0,
    "minResTime" : 4.0,
    "maxResTime" : 82.0,
    "pct1ResTime" : 47.0,
    "pct2ResTime" : 55.0,
    "pct3ResTime" : 64.0,
    "throughput" : 430.21077283372364,
    "receivedKBytesPerSec" : 23.947279347189696,
    "sentKBytesPerSec" : 7080.011311004934
  },
  "Put asset" : {
    "transaction" : "Put asset",
    "sampleCount" : 12859,
    "errorCount" : 0,
    "errorPct" : 0.0,
    "meanResTime" : 12.717474142623848,
    "medianResTime" : 7.0,
    "minResTime" : 4.0,
    "maxResTime" : 82.0,
    "pct1ResTime" : 47.0,
    "pct2ResTime" : 55.0,
    "pct3ResTime" : 64.0,
    "throughput" : 430.21077283372364,
    "receivedKBytesPerSec" : 23.947279347189696,
    "sentKBytesPerSec" : 7080.011311004934
  }
}