{
  "Total" : {
    "transaction" : "Total",
    "sampleCount" : 19444,
    "errorCount" : 0,
    "errorPct" : 0.0,
    "meanResTime" : 8.373585681958426,
    "medianResTime" : 8.0,
    "minResTime" : 3.0,
    "maxResTime" : 214.0,
    "pct1ResTime" : 12.0,
    "pct2ResTime" : 13.0,
    "pct3ResTime" : 16.0,
    "throughput" : 650.7362784471218,
    "receivedKBytesPerSec" : 36.222624874497996,
    "sentKBytesPerSec" : 10705.082733276859
  },
  "Put asset" : {
    "transaction" : "Put asset",
    "sampleCount" : 19444,
    "errorCount" : 0,
    "errorPct" : 0.0,
    "meanResTime" : 8.373585681958426,
    "medianResTime" : 8.0,
    "minResTime" : 3.0,
    "maxResTime" : 214.0,
    "pct1ResTime" : 12.0,
    "pct2ResTime" : 13.0,
    "pct3ResTime" : 16.0,
    "throughput" : 650.7362784471218,
    "receivedKBytesPerSec" : 36.222624874497996,
    "sentKBytesPerSec" : 10705.082733276859
  }
}