{
  "Total" : {
    "transaction" : "Total",
    "sampleCount" : 20007,
    "errorCount" : 0,
    "errorPct" : 0.0,
    "meanResTime" : 8.148248113160347,
    "medianResTime" : 8.0,
    "minResTime" : 3.0,
    "maxResTime" : 223.0,
    "pct1ResTime" : 12.0,
    "pct2ResTime" : 13.0,
    "pct3ResTime" : 16.0,
    "throughput" : 669.3542990966879,
    "receivedKBytesPerSec" : 37.25897953956173,
    "sentKBytesPerSec" : 11011.426434687604
  },
  "Put asset" : {
    "transaction" : "Put asset",
    "sampleCount" : 20007,
    "errorCount" : 0,
    "errorPct" : 0.0,
    "meanResTime" : 8.148248113160347,
    "medianResTime" : 8.0,
    "minResTime" : 3.0,
    "maxResTime" : 223.0,
    "pct1ResTime" : 12.0,
    "pct2ResTime" : 13.0,
    "pct3ResTime" : 16.0,
    "throughput" : 669.3542990966879,
    "receivedKBytesPerSec" : 37.25897953956173,
    "sentKBytesPerSec" : 11011.426434687604
  }
}