{
  "Total" : {
    "transaction" : "Total",
    "sampleCount" : 19508,
    "errorCount" : 0,
    "errorPct" : 0.0,
    "meanResTime" : 8.319509944638064,
    "medianResTime" : 8.0,
    "minResTime" : 3.0,
    "maxResTime" : 218.0,
    "pct1ResTime" : 12.0,
    "pct2ResTime" : 13.0,
    "pct3ResTime" : 16.0,
    "throughput" : 654.0602159189968,
    "receivedKBytesPerSec" : 36.407648737678535,
    "sentKBytesPerSec" : 16011.874110727636
  },
  "Put asset" : {
    "transaction" : "Put asset",
    "sampleCount" : 19508,
    "errorCount" : 0,
    "errorPct" : 0.0,
    "meanResTime" : 8.319509944638064,
    "medianResTime" : 8.0,
    "minResTime" : 3.0,
    "maxResTime" : 218.0,
    "pct1ResTime" : 12.0,
    "pct2ResTime" : 13.0,
    "pct3ResTime" : 16.0,
    "throughput" : 654.0602159189968,
    "receivedKBytesPerSec" : 36.407648737678535,
    "sentKBytesPerSec" : 16011.874110727636
  }
}