{
  "Total" : {
    "transaction" : "Total",
    "sampleCount" : 19477,
    "errorCount" : 0,
    "errorPct" : 0.0,
    "meanResTime" : 8.34235251835502,
    "medianResTime" : 8.0,
    "minResTime" : 3.0,
    "maxResTime" : 180.0,
    "pct1ResTime" : 12.0,
    "pct2ResTime" : 14.0,
    "pct3ResTime" : 17.0,
    "throughput" : 652.2772940388479,
    "receivedKBytesPerSec" : 36.30840406270931,
    "sentKBytesPerSec" : 15973.897818726977
  },
  "Put asset" : {
    "transaction" : "Put asset",
    "sampleCount" : 19477,
    "errorCount" : 0,
    "errorPct" : 0.0,
    "meanResTime" : 8.34235251835502,
    "medianResTime" : 8.0,
    "minResTime" : 3.0,
    "maxResTime" : 180.0,
    "pct1ResTime" : 12.0,
    "pct2ResTime" : 14.0,
    "pct3ResTime" : 17.0,
    "throughput" : 652.2772940388479,
    "receivedKBytesPerSec" : 36.30840406270931,
    "sentKBytesPerSec" : 15973.897818726977
  }
}