{
  "Total" : {
    "transaction" : "Total",
    "sampleCount" : 12675,
    "errorCount" : 0,
    "errorPct" : 0.0,
    "meanResTime" : 12.910453648915201,
    "medianResTime" : 5.0,
    "minResTime" : 3.0,
    "maxResTime" : 65.0,
    "pct1ResTime" : 48.0,
    "pct2ResTime" : 54.0,
    "pct3ResTime" : 59.0,
    "throughput" : 423.7571462003945,
    "receivedKBytesPerSec" : 23.588044270920395,
    "sentKBytesPerSec" : 10376.357314459981
  },
  "Put asset" : {
    "transaction" : "Put asset",
    "sampleCount" : 12675,
    "errorCount" : 0,
    "errorPct" : 0.0,
    "meanResTime" : 12.910453648915201,
    "medianResTime" : 5.0,
    "minResTime" : 3.0,
    "maxResTime" : 65.0,
    "pct1ResTime" : 48.0,
    "pct2ResTime" : 54.0,
    "pct3ResTime" : 59.0,
    "throughput" : 423.7571462003945,
    "receivedKBytesPerSec" : 23.588044270920395,
    "sentKBytesPerSec" : 10376.357314459981
  }
}