{
  "Total" : {
    "transaction" : "Total",
    "sampleCount" : 93025,
    "errorCount" : 0,
    "errorPct" : 0.0,
    "meanResTime" : 17.85225477022312,
    "medianResTime" : 7.0,
    "minResTime" : 3.0,
    "maxResTime" : 649.0,
    "pct1ResTime" : 50.0,
    "pct2ResTime" : 56.0,
    "pct3ResTime" : 76.0,
    "throughput" : 517.0727097889464,
    "receivedKBytesPerSec" : 28.78236763473628,
    "sentKBytesPerSec" : 53170.82548856839
  },
  "Put asset" : {
    "transaction" : "Put asset",
    "sampleCount" : 93025,
    "errorCount" : 0,
    "errorPct" : 0.0,
    "meanResTime" : 17.85225477022312,
    "medianResTime" : 7.0,
    "minResTime" : 3.0,
    "maxResTime" : 649.0,
    "pct1ResTime" : 50.0,
    "pct2ResTime" : 56.0,
    "pct3ResTime" : 76.0,
    "throughput" : 517.0727097889464,
    "receivedKBytesPerSec" : 28.78236763473628,
    "sentKBytesPerSec" : 53170.82548856839
  }
}