{
  "Total" : {
    "transaction" : "Total",
    "sampleCount" : 11666,
    "errorCount" : 0,
    "errorPct" : 0.0,
    "meanResTime" : 14.045431167495256,
    "medianResTime" : 6.0,
    "minResTime" : 4.0,
    "maxResTime" : 73.0,
    "pct1ResTime" : 52.0,
    "pct2ResTime" : 58.0,
    "pct3ResTime" : 64.0,
    "throughput" : 389.7631218469146,
    "receivedKBytesPerSec" : 21.695798774681766,
    "sentKBytesPerSec" : 9550.8399788263
  },
  "Put asset" : {
    "transaction" : "Put asset",
    "sampleCount" : 11666,
    "errorCount" : 0,
    "errorPct" : 0.0,
    "meanResTime" : 14.045431167495256,
    "medianResTime" : 6.0,
    "minResTime" : 4.0,
    "maxResTime" : 73.0,
    "pct1ResTime" : 52.0,
    "pct2ResTime" : 58.0,
    "pct3ResTime" : 64.0,
    "throughput" : 389.7631218469146,
    "receivedKBytesPerSec" : 21.695798774681766,
    "sentKBytesPerSec" : 9550.8399788263
  }
}