{
  "Total" : {
    "transaction" : "Total",
    "sampleCount" : 19713,
    "errorCount" : 0,
    "errorPct" : 0.0,
    "meanResTime" : 8.264140414954634,
    "medianResTime" : 8.0,
    "minResTime" : 3.0,
    "maxResTime" : 176.0,
    "pct1ResTime" : 12.0,
    "pct2ResTime" : 13.0,
    "pct3ResTime" : 16.0,
    "throughput" : 659.6506491768171,
    "receivedKBytesPerSec" : 36.71883496394392,
    "sentKBytesPerSec" : 16151.392219185016
  },
  "Put asset" : {
    "transaction" : "Put asset",
    "sampleCount" : 19713,
    "errorCount" : 0,
    "errorPct" : 0.0,
    "meanResTime" : 8.264140414954634,
    "medianResTime" : 8.0,
    "minResTime" : 3.0,
    "maxResTime" : 176.0,
    "pct1ResTime" : 12.0,
    "pct2ResTime" : 13.0,
    "pct3ResTime" : 16.0,
    "throughput" : 659.6506491768171,
    "receivedKBytesPerSec" : 36.71883496394392,
    "sentKBytesPerSec" : 16151.392219185016
  }
}