{
  "Total" : {
    "transaction" : "Total",
    "sampleCount" : 11698,
    "errorCount" : 0,
    "errorPct" : 0.0,
    "meanResTime" : 13.972644896563526,
    "medianResTime" : 6.0,
    "minResTime" : 3.0,
    "maxResTime" : 77.0,
    "pct1ResTime" : 52.0,
    "pct2ResTime" : 58.0,
    "pct3ResTime" : 64.0,
    "throughput" : 391.28980465614126,
    "receivedKBytesPerSec" : 21.78078014199224,
    "sentKBytesPerSec" : 9593.7895577063
  },
  "Put asset" : {
    "transaction" : "Put asset",
    "sampleCount" : 11698,
    "errorCount" : 0,
    "errorPct" : 0.0,
    "meanResTime" : 13.972644896563526,
    "medianResTime" : 6.0,
    "minResTime" : 3.0,
    "maxResTime" : 77.0,
    "pct1ResTime" : 52.0,
    "pct2ResTime" : 58.0,
    "pct3ResTime" : 64.0,
    "throughput" : 391.28980465614126,
    "receivedKBytesPerSec" : 21.78078014199224,
    "sentKBytesPerSec" : 9593.7895577063
  }
}