{
  "Total" : {
    "transaction" : "Total",
    "sampleCount" : 23290,
    "errorCount" : 0,
    "errorPct" : 0.0,
    "meanResTime" : 6.925848003434958,
    "medianResTime" : 7.0,
    "minResTime" : 2.0,
    "maxResTime" : 147.0,
    "pct1ResTime" : 10.0,
    "pct2ResTime" : 11.0,
    "pct3ResTime" : 13.0,
    "throughput" : 779.7642962367751,
    "receivedKBytesPerSec" : 43.40484852099237,
    "sentKBytesPerSec" : 12835.304735366864
  },
  "Put asset" : {
    "transaction" : "Put asset",
    "sampleCount" : 23290,
    "errorCount" : 0,
    "errorPct" : 0.0,
    "meanResTime" : 6.925848003434958,
    "medianResTime" : 7.0,
    "minResTime" : 2.0,
    "maxResTime" : 147.0,
    "pct1ResTime" : 10.0,
    "pct2ResTime" : 11.0,
    "pct3ResTime" : 13.0,
    "throughput" : 779.7642962367751,
    "receivedKBytesPerSec" : 43.40484852099237,
    "sentKBytesPerSec" : 12835.304735366864
  }
}