{
  "Total" : {
    "transaction" : "Total",
    "sampleCount" : 22128,
    "errorCount" : 0,
    "errorPct" : 0.0,
    "meanResTime" : 7.334011207519864,
    "medianResTime" : 7.0,
    "minResTime" : 3.0,
    "maxResTime" : 184.0,
    "pct1ResTime" : 10.0,
    "pct2ResTime" : 11.0,
    "pct3ResTime" : 14.0,
    "throughput" : 740.1411512860823,
    "receivedKBytesPerSec" : 41.19926330401044,
    "sentKBytesPerSec" : 12176.54993733694
  },
  "Put asset" : {
    "transaction" : "Put asset",
    "sampleCount" : 22128,
    "errorCount" : 0,
    "errorPct" : 0.0,
    "meanResTime" : 7.334011207519864,
    "medianResTime" : 7.0,
    "minResTime" : 3.0,
    "maxResTime" : 184.0,
    "pct1ResTime" : 10.0,
    "pct2ResTime" : 11.0,
    "pct3ResTime" : 14.0,
    "throughput" : 740.1411512860823,
    "receivedKBytesPerSec" : 41.19926330401044,
    "sentKBytesPerSec" : 12176.54993733694
  }
}