{
  "Total" : {
    "transaction" : "Total",
    "sampleCount" : 15236,
    "errorCount" : 0,
    "errorPct" : 0.0,
    "meanResTime" : 10.746390128642734,
    "medianResTime" : 6.0,
    "minResTime" : 3.0,
    "maxResTime" : 104.0,
    "pct1ResTime" : 44.0,
    "pct2ResTime" : 50.0,
    "pct3ResTime" : 58.0,
    "throughput" : 509.3437635810517,
    "receivedKBytesPerSec" : 28.352143089960887,
    "sentKBytesPerSec" : 8375.023701546987
  },
  "Put asset" : {
    "transaction" : "Put asset",
    "sampleCount" : 15236,
    "errorCount" : 0,
    "errorPct" : 0.0,
    "meanResTime" : 10.746390128642734,
    "medianResTime" : 6.0,
    "minResTime" : 3.0,
    "maxResTime" : 104.0,
    "pct1ResTime" : 44.0,
    "pct2ResTime" : 50.0,
    "pct3ResTime" : 58.0,
    "throughput" : 509.3437635810517,
    "receivedKBytesPerSec" : 28.352143089960887,
    "sentKBytesPerSec" : 8375.023701546987
  }
}