{
  "Total" : {
    "transaction" : "Total",
    "sampleCount" : 19732,
    "errorCount" : 0,
    "errorPct" : 0.0,
    "meanResTime" : 8.250658828299203,
    "medianResTime" : 8.0,
    "minResTime" : 3.0,
    "maxResTime" : 189.0,
    "pct1ResTime" : 12.0,
    "pct2ResTime" : 13.0,
    "pct3ResTime" : 16.0,
    "throughput" : 660.4853556485356,
    "receivedKBytesPerSec" : 36.76529811715481,
    "sentKBytesPerSec" : 16175.314265167364
  },
  "Put asset" : {
    "transaction" : "Put asset",
    "sampleCount" : 19732,
    "errorCount" : 0,
    "errorPct" : 0.0,
    "meanResTime" : 8.250658828299203,
    "medianResTime" : 8.0,
    "minResTime" : 3.0,
    "maxResTime" : 189.0,
    "pct1ResTime" : 12.0,
    "pct2ResTime" : 13.0,
    "pct3ResTime" : 16.0,
    "throughput" : 660.4853556485356,
    "receivedKBytesPerSec" : 36.76529811715481,
    "sentKBytesPerSec" : 16175.314265167364
  }
}