{
  "Total" : {
    "transaction" : "Total",
    "sampleCount" : 23665,
    "errorCount" : 0,
    "errorPct" : 0.0,
    "meanResTime" : 6.8565391929008666,
    "medianResTime" : 7.0,
    "minResTime" : 3.0,
    "maxResTime" : 198.0,
    "pct1ResTime" : 10.0,
    "pct2ResTime" : 11.0,
    "pct3ResTime" : 13.0,
    "throughput" : 791.9218284643442,
    "receivedKBytesPerSec" : 44.08158615475354,
    "sentKBytesPerSec" : 13028.235574469598
  },
  "Put asset" : {
    "transaction" : "Put asset",
    "sampleCount" : 23665,
    "errorCount" : 0,
    "errorPct" : 0.0,
    "meanResTime" : 6.8565391929008666,
    "medianResTime" : 7.0,
    "minResTime" : 3.0,
    "maxResTime" : 198.0,
    "pct1ResTime" : 10.0,
    "pct2ResTime" : 11.0,
    "pct3ResTime" : 13.0,
    "throughput" : 791.9218284643442,
    "receivedKBytesPerSec" : 44.08158615475354,
    "sentKBytesPerSec" : 13028.235574469598
  }
}