{
  "Total" : {
    "transaction" : "Total",
    "sampleCount" : 12772,
    "errorCount" : 0,
    "errorPct" : 0.0,
    "meanResTime" : 12.814046351393673,
    "medianResTime" : 5.0,
    "minResTime" : 3.0,
    "maxResTime" : 70.0,
    "pct1ResTime" : 47.0,
    "pct2ResTime" : 53.0,
    "pct3ResTime" : 59.0,
    "throughput" : 426.7718114077589,
    "receivedKBytesPerSec" : 23.755852783439703,
    "sentKBytesPerSec" : 10461.380929271645
  },
  "Put asset" : {
    "transaction" : "Put asset",
    "sampleCount" : 12772,
    "errorCount" : 0,
    "errorPct" : 0.0,
    "meanResTime" : 12.814046351393673,
    "medianResTime" : 5.0,
    "minResTime" : 3.0,
    "maxResTime" : 70.0,
    "pct1ResTime" : 47.0,
    "pct2ResTime" : 53.0,
    "pct3ResTime" : 59.0,
    "throughput" : 426.7718114077589,
    "receivedKBytesPerSec" : 23.755852783439703,
    "sentKBytesPerSec" : 10461.380929271645
  }
}