{
  "Total" : {
    "transaction" : "Total",
    "sampleCount" : 26023,
    "errorCount" : 0,
    "errorPct" : 0.0,
    "meanResTime" : 6.223225608115914,
    "medianResTime" : 6.0,
    "minResTime" : 2.0,
    "maxResTime" : 159.0,
    "pct1ResTime" : 10.0,
    "pct2ResTime" : 11.0,
    "pct3ResTime" : 13.9900000000016,
    "throughput" : 870.6547559302753,
    "receivedKBytesPerSec" : 48.46418075002509,
    "sentKBytesPerSec" : 14319.561511707903
  },
  "Put asset" : {
    "transaction" : "Put asset",
    "sampleCount" : 26023,
    "errorCount" : 0,
    "errorPct" : 0.0,
    "meanResTime" : 6.223225608115914,
    "medianResTime" : 6.0,
    "minResTime" : 2.0,
    "maxResTime" : 159.0,
    "pct1ResTime" : 10.0,
    "pct2ResTime" : 11.0,
    "pct3ResTime" : 13.9900000000016,
    "throughput" : 870.6547559302753,
    "receivedKBytesPerSec" : 48.46418075002509,
    "sentKBytesPerSec" : 14319.561511707903
  }
}