{
  "Total" : {
    "transaction" : "Total",
    "sampleCount" : 19251,
    "errorCount" : 0,
    "errorPct" : 0.0,
    "meanResTime" : 8.436133187886334,
    "medianResTime" : 8.0,
    "minResTime" : 3.0,
    "maxResTime" : 222.0,
    "pct1ResTime" : 12.0,
    "pct2ResTime" : 14.0,
    "pct3ResTime" : 16.0,
    "throughput" : 645.4002950248089,
    "receivedKBytesPerSec" : 35.925602359779404,
    "sentKBytesPerSec" : 15806.221391970214
  },
  "Put asset" : {
    "transaction" : "Put asset",
    "sampleCount" : 19251,
    "errorCount" : 0,
    "errorPct" : 0.0,
    "meanResTime" : 8.436133187886334,
    "medianResTime" : 8.0,
    "minResTime" : 3.0,
    "maxResTime" : 222.0,
    "pct1ResTime" : 12.0,
    "pct2ResTime" : 14.0,
    "pct3ResTime" : 16.0,
    "throughput" : 645.4002950248089,
    "receivedKBytesPerSec" : 35.925602359779404,
    "sentKBytesPerSec" : 15806.221391970214
  }
}