{
  "Total" : {
    "transaction" : "Total",
    "sampleCount" : 25341,
    "errorCount" : 0,
    "errorPct" : 0.0,
    "meanResTime" : 6.40582455309584,
    "medianResTime" : 6.5,
    "minResTime" : 2.0,
    "maxResTime" : 171.0,
    "pct1ResTime" : 10.0,
    "pct2ResTime" : 11.0,
    "pct3ResTime" : 13.0,
    "throughput" : 847.6101281064989,
    "receivedKBytesPerSec" : 47.181423146553165,
    "sentKBytesPerSec" : 13945.233583219053
  },
  "Put asset" : {
    "transaction" : "Put asset",
    "sampleCount" : 25341,
    "errorCount" : 0,
    "errorPct" : 0.0,
    "meanResTime" : 6.40582455309584,
    "medianResTime" : 6.5,
    "minResTime" : 2.0,
    "maxResTime" : 171.0,
    "pct1ResTime" : 10.0,
    "pct2ResTime" : 11.0,
    "pct3ResTime" : 13.0,
    "throughput" : 847.6101281064989,
    "receivedKBytesPerSec" : 47.181423146553165,
    "sentKBytesPerSec" : 13945.233583219053
  }
}