{
  "Total" : {
    "transaction" : "Total",
    "sampleCount" : 22603,
    "errorCount" : 0,
    "errorPct" : 0.0,
    "meanResTime" : 7.1638720523824455,
    "medianResTime" : 7.0,
    "minResTime" : 2.0,
    "maxResTime" : 157.0,
    "pct1ResTime" : 11.0,
    "pct2ResTime" : 12.0,
    "pct3ResTime" : 14.0,
    "throughput" : 756.3073010774276,
    "receivedKBytesPerSec" : 42.09913687638024,
    "sentKBytesPerSec" : 12439.159430837182
  },
  "Put asset" : {
    "transaction" : "Put asset",
    "sampleCount" : 22603,
    "errorCount" : 0,
    "errorPct" : 0.0,
    "meanResTime" : 7.1638720523824455,
    "medianResTime" : 7.0,
    "minResTime" : 2.0,
    "maxResTime" : 157.0,
    "pct1ResTime" : 11.0,
    "pct2ResTime" : 12.0,
    "pct3ResTime" : 14.0,
    "throughput" : 756.3073010774276,
    "receivedKBytesPerSec" : 42.09913687638024,
    "sentKBytesPerSec" : 12439.159430837182
  }
}