{
  "Total" : {
    "transaction" : "Total",
    "sampleCount" : 21791,
    "errorCount" : 0,
    "errorPct" : 0.0,
    "meanResTime" : 7.420953604699162,
    "medianResTime" : 7.0,
    "minResTime" : 3.0,
    "maxResTime" : 166.0,
    "pct1ResTime" : 11.0,
    "pct2ResTime" : 13.0,
    "pct3ResTime" : 16.0,
    "throughput" : 729.3326193185621,
    "receivedKBytesPerSec" : 40.59761650503715,
    "sentKBytesPerSec" : 11999.531264381401
  },
  "Put asset" : {
    "transaction" : "Put asset",
    "sampleCount" : 21791,
    "errorCount" : 0,
    "errorPct" : 0.0,
    "meanResTime" : 7.420953604699162,
    "medianResTime" : 7.0,
    "minResTime" : 3.0,
    "maxResTime" : 166.0,
    "pct1ResTime" : 11.0,
    "pct2ResTime" : 13.0,
    "pct3ResTime" : 16.0,
    "throughput" : 729.3326193185621,
    "receivedKBytesPerSec" : 40.59761650503715,
    "sentKBytesPerSec" : 11999.531264381401
  }
}