{
  "Total" : {
    "transaction" : "Total",
    "sampleCount" : 19507,
    "errorCount" : 0,
    "errorPct" : 0.0,
    "meanResTime" : 8.341262111037096,
    "medianResTime" : 8.0,
    "minResTime" : 3.0,
    "maxResTime" : 176.0,
    "pct1ResTime" : 12.0,
    "pct2ResTime" : 13.0,
    "pct3ResTime" : 16.0,
    "throughput" : 652.9976902219396,
    "receivedKBytesPerSec" : 36.34850424086968,
    "sentKBytesPerSec" : 15986.68503958424
  },
  "Put asset" : {
    "transaction" : "Put asset",
    "sampleCount" : 19507,
    "errorCount" : 0,
    "errorPct" : 0.0,
    "meanResTime" : 8.341262111037096,
    "medianResTime" : 8.0,
    "minResTime" : 3.0,
    "maxResTime" : 176.0,
    "pct1ResTime" : 12.0,
    "pct2ResTime" : 13.0,
    "pct3ResTime" : 16.0,
    "throughput" : 652.9976902219396,
    "receivedKBytesPerSec" : 36.34850424086968,
    "sentKBytesPerSec" : 15986.68503958424
  }
}