{
  "Total" : {
    "transaction" : "Total",
    "sampleCount" : 24473,
    "errorCount" : 0,
    "errorPct" : 0.0,
    "meanResTime" : 6.606668573530011,
    "medianResTime" : 7.0,
    "minResTime" : 2.0,
    "maxResTime" : 163.0,
    "pct1ResTime" : 10.0,
    "pct2ResTime" : 11.0,
    "pct3ResTime" : 13.0,
    "throughput" : 819.1250794925863,
    "receivedKBytesPerSec" : 45.595829620192795,
    "sentKBytesPerSec" : 13478.984180190866
  },
  "Put asset" : {
    "transaction" : "Put asset",
    "sampleCount" : 24473,
    "errorCount" : 0,
    "errorPct" : 0.0,
    "meanResTime" : 6.606668573530011,
    "medianResTime" : 7.0,
    "minResTime" : 2.0,
    "maxResTime" : 163.0,
    "pct1ResTime" : 10.0,
    "pct2ResTime" : 11.0,
    "pct3ResTime" : 13.0,
    "throughput" : 819.1250794925863,
    "receivedKBytesPerSec" : 45.595829620192795,
    "sentKBytesPerSec" : 13478.984180190866
  }
}