{
  "Total" : {
    "transaction" : "Total",
    "sampleCount" : 12892,
    "errorCount" : 0,
    "errorPct" : 0.0,
    "meanResTime" : 12.70268383493645,
    "medianResTime" : 7.0,
    "minResTime" : 4.0,
    "maxResTime" : 72.0,
    "pct1ResTime" : 48.0,
    "pct2ResTime" : 56.0,
    "pct3ResTime" : 64.0,
    "throughput" : 430.99759293928855,
    "receivedKBytesPerSec" : 23.991076950722118,
    "sentKBytesPerSec" : 7094.018202090716
  },
  "Put asset" : {
    "transaction" : "Put asset",
    "sampleCount" : 12892,
    "errorCount" : 0,
    "errorPct" : 0.0,
    "meanResTime" : 12.70268383493645,
    "medianResTime" : 7.0,
    "minResTime" : 4.0,
    "maxResTime" : 72.0,
    "pct1ResTime" : 48.0,
    "pct2ResTime" : 56.0,
    "pct3ResTime" : 64.0,
    "throughput" : 430.99759293928855,
    "receivedKBytesPerSec" : 23.991076950722118,
    "sentKBytesPerSec" : 7094.018202090716
  }
}