{
  "Total" : {
    "transaction" : "Total",
    "sampleCount" : 24443,
    "errorCount" : 0,
    "errorPct" : 0.0,
    "meanResTime" : 6.629259910812922,
    "medianResTime" : 7.0,
    "minResTime" : 2.0,
    "maxResTime" : 149.0,
    "pct1ResTime" : 10.0,
    "pct2ResTime" : 11.0,
    "pct3ResTime" : 13.0,
    "throughput" : 818.0935805609479,
    "receivedKBytesPerSec" : 45.53841219919339,
    "sentKBytesPerSec" : 13459.331849259906
  },
  "Put asset" : {
    "transaction" : "Put asset",
    "sampleCount" : 24443,
    "errorCount" : 0,
    "errorPct" : 0.0,
    "meanResTime" : 6.629259910812922,
    "medianResTime" : 7.0,
    "minResTime" : 2.0,
    "maxResTime" : 149.0,
    "pct1ResTime" : 10.0,
    "pct2ResTime" : 11.0,
    "pct3ResTime" : 13.0,
    "throughput" : 818.0935805609479,
    "receivedKBytesPerSec" : 45.53841219919339,
    "sentKBytesPerSec" : 13459.331849259906
  }
}