{
  "Total" : {
    "transaction" : "Total",
    "sampleCount" : 3092,
    "errorCount" : 0,
    "errorPct" : 0.0,
    "meanResTime" : 5.5297542043984516,
    "medianResTime" : 5.0,
    "minResTime" : 2.0,
    "maxResTime" : 211.0,
    "pct1ResTime" : 8.0,
    "pct2ResTime" : 9.0,
    "pct3ResTime" : 12.0,
    "throughput" : 346.2873782058461,
    "receivedKBytesPerSec" : 19.275762263411355,
    "sentKBytesPerSec" : 5740.082132307649
  },
  "Put asset" : {
    "transaction" : "Put asset",
    "sampleCount" : 3092,
    "errorCount" : 0,
    "errorPct" : 0.0,
    "meanResTime" : 5.5297542043984516,
    "medianResTime" : 5.0,
    "minResTime" : 2.0,
    "maxResTime" : 211.0,
    "pct1ResTime" : 8.0,
    "pct2ResTime" : 9.0,
    "pct3ResTime" : 12.0,
    "throughput" : 346.2873782058461,
    "receivedKBytesPerSec" : 19.275762263411355,
    "sentKBytesPerSec" : 5740.082132307649
  }
}