{
  "Total" : {
    "transaction" : "Total",
    "sampleCount" : 19559,
    "errorCount" : 0,
    "errorPct" : 0.0,
    "meanResTime" : 8.328237639961149,
    "medianResTime" : 8.0,
    "minResTime" : 3.0,
    "maxResTime" : 217.0,
    "pct1ResTime" : 12.0,
    "pct2ResTime" : 13.0,
    "pct3ResTime" : 16.0,
    "throughput" : 654.5411953684493,
    "receivedKBytesPerSec" : 36.434422007814064,
    "sentKBytesPerSec" : 10763.902894353205
  },
  "Put asset" : {
    "transaction" : "Put asset",
    "sampleCount" : 19559,
    "errorCount" : 0,
    "errorPct" : 0.0,
    "meanResTime" : 8.328237639961149,
    "medianResTime" : 8.0,
    "minResTime" : 3.0,
    "maxResTime" : 217.0,
    "pct1ResTime" : 12.0,
    "pct2ResTime" : 13.0,
    "pct3ResTime" : 16.0,
    "throughput" : 654.5411953684493,
    "receivedKBytesPerSec" : 36.434422007814064,
    "sentKBytesPerSec" : 10763.902894353205
  }
}