{
  "Total" : {
    "transaction" : "Total",
    "sampleCount" : 25230,
    "errorCount" : 0,
    "errorPct" : 0.0,
    "meanResTime" : 6.439397542607986,
    "medianResTime" : 6.0,
    "minResTime" : 2.0,
    "maxResTime" : 171.0,
    "pct1ResTime" : 10.0,
    "pct2ResTime" : 11.0,
    "pct3ResTime" : 13.0,
    "throughput" : 843.4741909601497,
    "receivedKBytesPerSec" : 46.951200082742716,
    "sentKBytesPerSec" : 13885.11107190467
  },
  "Put asset" : {
    "transaction" : "Put asset",
    "sampleCount" : 25230,
    "errorCount" : 0,
    "errorPct" : 0.0,
    "meanResTime" : 6.439397542607986,
    "medianResTime" : 6.0,
    "minResTime" : 2.0,
    "maxResTime" : 171.0,
    "pct1ResTime" : 10.0,
    "pct2ResTime" : 11.0,
    "pct3ResTime" : 13.0,
    "throughput" : 843.4741909601497,
    "receivedKBytesPerSec" : 46.951200082742716,
    "sentKBytesPerSec" : 13885.11107190467
  }
}