{
  "Total" : {
    "transaction" : "Total",
    "sampleCount" : 19485,
    "errorCount" : 0,
    "errorPct" : 0.0,
    "meanResTime" : 8.356581986143196,
    "medianResTime" : 8.0,
    "minResTime" : 3.0,
    "maxResTime" : 216.0,
    "pct1ResTime" : 12.0,
    "pct2ResTime" : 13.0,
    "pct3ResTime" : 16.0,
    "throughput" : 652.2394055031131,
    "receivedKBytesPerSec" : 36.30629503288813,
    "sentKBytesPerSec" : 10726.57737366732
  },
  "Put asset" : {
    "transaction" : "Put asset",
    "sampleCount" : 19485,
    "errorCount" : 0,
    "errorPct" : 0.0,
    "meanResTime" : 8.356581986143196,
    "medianResTime" : 8.0,
    "minResTime" : 3.0,
    "maxResTime" : 216.0,
    "pct1ResTime" : 12.0,
    "pct2ResTime" : 13.0,
    "pct3ResTime" : 16.0,
    "throughput" : 652.2394055031131,
    "receivedKBytesPerSec" : 36.30629503288813,
    "sentKBytesPerSec" : 10726.57737366732
  }
}