{
  "Total" : {
    "transaction" : "Total",
    "sampleCount" : 11823,
    "errorCount" : 0,
    "errorPct" : 0.0,
    "meanResTime" : 13.8306690349319,
    "medianResTime" : 6.0,
    "minResTime" : 3.0,
    "maxResTime" : 74.0,
    "pct1ResTime" : 52.0,
    "pct2ResTime" : 57.0,
    "pct3ResTime" : 64.0,
    "throughput" : 395.47096601552045,
    "receivedKBytesPerSec" : 22.013520569223306,
    "sentKBytesPerSec" : 9686.432137921878
  },
  "Put asset" : {
    "transaction" : "Put asset",
    "sampleCount" : 11823,
    "errorCount" : 0,
    "errorPct" : 0.0,
    "meanResTime" : 13.8306690349319,
    "medianResTime" : 6.0,
    "minResTime" : 3.0,
    "maxResTime" : 74.0,
    "pct1ResTime" : 52.0,
    "pct2ResTime" : 57.0,
    "pct3ResTime" : 64.0,
    "throughput" : 395.47096601552045,
    "receivedKBytesPerSec" : 22.013520569223306,
    "sentKBytesPerSec" : 9686.432137921878
  }
}