{
  "Total" : {
    "transaction" : "Total",
    "sampleCount" : 20249,
    "errorCount" : 0,
    "errorPct" : 0.0,
    "meanResTime" : 7.969578744629357,
    "medianResTime" : 7.0,
    "minResTime" : 2.0,
    "maxResTime" : 178.0,
    "pct1ResTime" : 12.0,
    "pct2ResTime" : 13.0,
    "pct3ResTime" : 17.0,
    "throughput" : 677.6320192758182,
    "receivedKBytesPerSec" : 37.71975107297035,
    "sentKBytesPerSec" : 11152.408784447995
  },
  "Put asset" : {
    "transaction" : "Put asset",
    "sampleCount" : 20249,
    "errorCount" : 0,
    "errorPct" : 0.0,
    "meanResTime" : 7.969578744629357,
    "medianResTime" : 7.0,
    "minResTime" : 2.0,
    "maxResTime" : 178.0,
    "pct1ResTime" : 12.0,
    "pct2ResTime" : 13.0,
    "pct3ResTime" : 17.0,
    "throughput" : 677.6320192758182,
    "receivedKBytesPerSec" : 37.71975107297035,
    "sentKBytesPerSec" : 11152.408784447995
  }
}