{
  "Total" : {
    "transaction" : "Total",
    "sampleCount" : 22375,
    "errorCount" : 0,
    "errorPct" : 0.0,
    "meanResTime" : 7.2212737430167655,
    "medianResTime" : 7.0,
    "minResTime" : 2.0,
    "maxResTime" : 176.0,
    "pct1ResTime" : 11.0,
    "pct2ResTime" : 12.0,
    "pct3ResTime" : 16.0,
    "throughput" : 749.0291912158543,
    "receivedKBytesPerSec" : 41.69400771416377,
    "sentKBytesPerSec" : 12319.666024255574
  },
  "Put asset" : {
    "transaction" : "Put asset",
    "sampleCount" : 22375,
    "errorCount" : 0,
    "errorPct" : 0.0,
    "meanResTime" : 7.2212737430167655,
    "medianResTime" : 7.0,
    "minResTime" : 2.0,
    "maxResTime" : 176.0,
    "pct1ResTime" : 11.0,
    "pct2ResTime" : 12.0,
    "pct3ResTime" : 16.0,
    "throughput" : 749.0291912158543,
    "receivedKBytesPerSec" : 41.69400771416377,
    "sentKBytesPerSec" : 12319.666024255574
  }
}