{
  "Total" : {
    "transaction" : "Total",
    "sampleCount" : 23392,
    "errorCount" : 0,
    "errorPct" : 0.0,
    "meanResTime" : 6.925188098495191,
    "medianResTime" : 7.0,
    "minResTime" : 2.0,
    "maxResTime" : 149.0,
    "pct1ResTime" : 10.0,
    "pct2ResTime" : 11.0,
    "pct3ResTime" : 14.0,
    "throughput" : 782.419640766632,
    "receivedKBytesPerSec" : 43.55265578486136,
    "sentKBytesPerSec" : 12875.921000643879
  },
  "Put asset" : {
    "transaction" : "Put asset",
    "sampleCount" : 23392,
    "errorCount" : 0,
    "errorPct" : 0.0,
    "meanResTime" : 6.925188098495191,
    "medianResTime" : 7.0,
    "minResTime" : 2.0,
    "maxResTime" : 149.0,
    "pct1ResTime" : 10.0,
    "pct2ResTime" : 11.0,
    "pct3ResTime" : 14.0,
    "throughput" : 782.419640766632,
    "receivedKBytesPerSec" : 43.55265578486136,
    "sentKBytesPerSec" : 12875.921000643879
  }
}