{
  "Total" : {
    "transaction" : "Total",
    "sampleCount" : 21565,
    "errorCount" : 0,
    "errorPct" : 0.0,
    "meanResTime" : 7.501646185949452,
    "medianResTime" : 7.0,
    "minResTime" : 3.0,
    "maxResTime" : 273.0,
    "pct1ResTime" : 11.0,
    "pct2ResTime" : 12.0,
    "pct3ResTime" : 15.0,
    "throughput" : 722.1310651977362,
    "receivedKBytesPerSec" : 40.196748746358374,
    "sentKBytesPerSec" : 11879.656649480545
  },
  "Put asset" : {
    "transaction" : "Put asset",
    "sampleCount" : 21565,
    "errorCount" : 0,
    "errorPct" : 0.0,
    "meanResTime" : 7.501646185949452,
    "medianResTime" : 7.0,
    "minResTime" : 3.0,
    "maxResTime" : 273.0,
    "pct1ResTime" : 11.0,
    "pct2ResTime" : 12.0,
    "pct3ResTime" : 15.0,
    "throughput" : 722.1310651977362,
    "receivedKBytesPerSec" : 40.196748746358374,
    "sentKBytesPerSec" : 11879.656649480545
  }
}