{
  "Total" : {
    "transaction" : "Total",
    "sampleCount" : 12754,
    "errorCount" : 0,
    "errorPct" : 0.0,
    "meanResTime" : 12.830876587737222,
    "medianResTime" : 5.0,
    "minResTime" : 3.0,
    "maxResTime" : 92.0,
    "pct1ResTime" : 48.0,
    "pct2ResTime" : 53.0,
    "pct3ResTime" : 59.0,
    "throughput" : 426.5551839464883,
    "receivedKBytesPerSec" : 23.74379441889632,
    "sentKBytesPerSec" : 10451.780577184365
  },
  "Put asset" : {
    "transaction" : "Put asset",
    "sampleCount" : 12754,
    "errorCount" : 0,
    "errorPct" : 0.0,
    "meanResTime" : 12.830876587737222,
    "medianResTime" : 5.0,
    "minResTime" : 3.0,
    "maxResTime" : 92.0,
    "pct1ResTime" : 48.0,
    "pct2ResTime" : 53.0,
    "pct3ResTime" : 59.0,
    "throughput" : 426.5551839464883,
    "receivedKBytesPerSec" : 23.74379441889632,
    "sentKBytesPerSec" : 10451.780577184365
  }
}