{
  "Total" : {
    "transaction" : "Total",
    "sampleCount" : 19610,
    "errorCount" : 0,
    "errorPct" : 0.0,
    "meanResTime" : 8.275879653238182,
    "medianResTime" : 8.0,
    "minResTime" : 4.0,
    "maxResTime" : 125.0,
    "pct1ResTime" : 11.0,
    "pct2ResTime" : 13.0,
    "pct3ResTime" : 15.0,
    "throughput" : 655.239240844694,
    "receivedKBytesPerSec" : 36.473278054831596,
    "sentKBytesPerSec" : 10779.302878992916
  },
  "Put asset" : {
    "transaction" : "Put asset",
    "sampleCount" : 19610,
    "errorCount" : 0,
    "errorPct" : 0.0,
    "meanResTime" : 8.275879653238182,
    "medianResTime" : 8.0,
    "minResTime" : 4.0,
    "maxResTime" : 125.0,
    "pct1ResTime" : 11.0,
    "pct2ResTime" : 13.0,
    "pct3ResTime" : 15.0,
    "throughput" : 655.239240844694,
    "receivedKBytesPerSec" : 36.473278054831596,
    "sentKBytesPerSec" : 10779.302878992916
  }
}