{
  "Total" : {
    "transaction" : "Total",
    "sampleCount" : 19424,
    "errorCount" : 0,
    "errorPct" : 0.0,
    "meanResTime" : 8.38488467874791,
    "medianResTime" : 8.0,
    "minResTime" : 3.0,
    "maxResTime" : 175.0,
    "pct1ResTime" : 12.0,
    "pct2ResTime" : 13.0,
    "pct3ResTime" : 16.0,
    "throughput" : 649.7624941459824,
    "receivedKBytesPerSec" : 36.16842008429786,
    "sentKBytesPerSec" : 15903.792423333278
  },
  "Put asset" : {
    "transaction" : "Put asset",
    "sampleCount" : 19424,
    "errorCount" : 0,
    "errorPct" : 0.0,
    "meanResTime" : 8.38488467874791,
    "medianResTime" : 8.0,
    "minResTime" : 3.0,
    "maxResTime" : 175.0,
    "pct1ResTime" : 12.0,
    "pct2ResTime" : 13.0,
    "pct3ResTime" : 16.0,
    "throughput" : 649.7624941459824,
    "receivedKBytesPerSec" : 36.16842008429786,
    "sentKBytesPerSec" : 15903.792423333278
  }
}