{
  "Total" : {
    "transaction" : "Total",
    "sampleCount" : 19676,
    "errorCount" : 0,
    "errorPct" : 0.0,
    "meanResTime" : 8.26489123805646,
    "medianResTime" : 8.0,
    "minResTime" : 3.0,
    "maxResTime" : 206.0,
    "pct1ResTime" : 12.0,
    "pct2ResTime" : 13.0,
    "pct3ResTime" : 16.0,
    "throughput" : 659.7150041911149,
    "receivedKBytesPerSec" : 36.722417225481976,
    "sentKBytesPerSec" : 16149.81241486798
  },
  "Put asset" : {
    "transaction" : "Put asset",
    "sampleCount" : 19676,
    "errorCount" : 0,
    "errorPct" : 0.0,
    "meanResTime" : 8.26489123805646,
    "medianResTime" : 8.0,
    "minResTime" : 3.0,
    "maxResTime" : 206.0,
    "pct1ResTime" : 12.0,
    "pct2ResTime" : 13.0,
    "pct3ResTime" : 16.0,
    "throughput" : 659.7150041911149,
    "receivedKBytesPerSec" : 36.722417225481976,
    "sentKBytesPerSec" : 16149.81241486798
  }
}