{
  "Total" : {
    "transaction" : "Total",
    "sampleCount" : 12687,
    "errorCount" : 0,
    "errorPct" : 0.0,
    "meanResTime" : 12.87767005596276,
    "medianResTime" : 5.0,
    "minResTime" : 3.0,
    "maxResTime" : 68.0,
    "pct1ResTime" : 48.0,
    "pct2ResTime" : 53.0,
    "pct3ResTime" : 59.0,
    "throughput" : 424.1866996556221,
    "receivedKBytesPerSec" : 23.611954961299276,
    "sentKBytesPerSec" : 10396.01279480048
  },
  "Put asset" : {
    "transaction" : "Put asset",
    "sampleCount" : 12687,
    "errorCount" : 0,
    "errorPct" : 0.0,
    "meanResTime" : 12.87767005596276,
    "medianResTime" : 5.0,
    "minResTime" : 3.0,
    "maxResTime" : 68.0,
    "pct1ResTime" : 48.0,
    "pct2ResTime" : 53.0,
    "pct3ResTime" : 59.0,
    "throughput" : 424.1866996556221,
    "receivedKBytesPerSec" : 23.611954961299276,
    "sentKBytesPerSec" : 10396.01279480048
  }
}