{
  "Total" : {
    "transaction" : "Total",
    "sampleCount" : 23588,
    "errorCount" : 0,
    "errorPct" : 0.0,
    "meanResTime" : 6.856706800067846,
    "medianResTime" : 7.0,
    "minResTime" : 2.0,
    "maxResTime" : 183.0,
    "pct1ResTime" : 10.0,
    "pct2ResTime" : 11.0,
    "pct3ResTime" : 14.0,
    "throughput" : 789.213062098501,
    "receivedKBytesPerSec" : 43.93080521446734,
    "sentKBytesPerSec" : 12985.841934890257
  },
  "Put asset" : {
    "transaction" : "Put asset",
    "sampleCount" : 23588,
    "errorCount" : 0,
    "errorPct" : 0.0,
    "meanResTime" : 6.856706800067846,
    "medianResTime" : 7.0,
    "minResTime" : 2.0,
    "maxResTime" : 183.0,
    "pct1ResTime" : 10.0,
    "pct2ResTime" : 11.0,
    "pct3ResTime" : 14.0,
    "throughput" : 789.213062098501,
    "receivedKBytesPerSec" : 43.93080521446734,
    "sentKBytesPerSec" : 12985.841934890257
  }
}