{
  "Total" : {
    "transaction" : "Total",
    "sampleCount" : 12843,
    "errorCount" : 0,
    "errorPct" : 0.0,
    "meanResTime" : 12.736665888032405,
    "medianResTime" : 5.0,
    "minResTime" : 3.0,
    "maxResTime" : 227.0,
    "pct1ResTime" : 47.0,
    "pct2ResTime" : 53.0,
    "pct3ResTime" : 59.0,
    "throughput" : 429.2589992981049,
    "receivedKBytesPerSec" : 23.894299765617166,
    "sentKBytesPerSec" : 10523.120792023881
  },
  "Put asset" : {
    "transaction" : "Put asset",
    "sampleCount" : 12843,
    "errorCount" : 0,
    "errorPct" : 0.0,
    "meanResTime" : 12.736665888032405,
    "medianResTime" : 5.0,
    "minResTime" : 3.0,
    "maxResTime" : 227.0,
    "pct1ResTime" : 47.0,
    "pct2ResTime" : 53.0,
    "pct3ResTime" : 59.0,
    "throughput" : 429.2589992981049,
    "receivedKBytesPerSec" : 23.894299765617166,
    "sentKBytesPerSec" : 10523.120792023881
  }
}