{
  "Total" : {
    "transaction" : "Total",
    "sampleCount" : 22884,
    "errorCount" : 0,
    "errorPct" : 0.0,
    "meanResTime" : 7.078045796189481,
    "medianResTime" : 7.0,
    "minResTime" : 2.0,
    "maxResTime" : 176.0,
    "pct1ResTime" : 11.0,
    "pct2ResTime" : 12.0,
    "pct3ResTime" : 16.0,
    "throughput" : 764.9418371440032,
    "receivedKBytesPerSec" : 42.57977023164862,
    "sentKBytesPerSec" : 12584.911711124481
  },
  "Put asset" : {
    "transaction" : "Put asset",
    "sampleCount" : 22884,
    "errorCount" : 0,
    "errorPct" : 0.0,
    "meanResTime" : 7.078045796189481,
    "medianResTime" : 7.0,
    "minResTime" : 2.0,
    "maxResTime" : 176.0,
    "pct1ResTime" : 11.0,
    "pct2ResTime" : 12.0,
    "pct3ResTime" : 16.0,
    "throughput" : 764.9418371440032,
    "receivedKBytesPerSec" : 42.57977023164862,
    "sentKBytesPerSec" : 12584.911711124481
  }
}