{
  "Total" : {
    "transaction" : "Total",
    "sampleCount" : 24069,
    "errorCount" : 0,
    "errorPct" : 0.0,
    "meanResTime" : 6.732519007852424,
    "medianResTime" : 6.0,
    "minResTime" : 2.0,
    "maxResTime" : 225.0,
    "pct1ResTime" : 10.0,
    "pct2ResTime" : 11.0,
    "pct3ResTime" : 15.0,
    "throughput" : 805.2256532066508,
    "receivedKBytesPerSec" : 44.82213108669834,
    "sentKBytesPerSec" : 13248.425627435934
  },
  "Put asset" : {
    "transaction" : "Put asset",
    "sampleCount" : 24069,
    "errorCount" : 0,
    "errorPct" : 0.0,
    "meanResTime" : 6.732519007852424,
    "medianResTime" : 6.0,
    "minResTime" : 2.0,
    "maxResTime" : 225.0,
    "pct1ResTime" : 10.0,
    "pct2ResTime" : 11.0,
    "pct3ResTime" : 15.0,
    "throughput" : 805.2256532066508,
    "receivedKBytesPerSec" : 44.82213108669834,
    "sentKBytesPerSec" : 13248.425627435934
  }
}