{
  "Total" : {
    "transaction" : "Total",
    "sampleCount" : 85928,
    "errorCount" : 0,
    "errorPct" : 0.0,
    "meanResTime" : 19.32360813704465,
    "medianResTime" : 7.0,
    "minResTime" : 3.0,
    "maxResTime" : 507.0,
    "pct1ResTime" : 54.0,
    "pct2ResTime" : 61.0,
    "pct3ResTime" : 87.9900000000016,
    "throughput" : 477.6431350750417,
    "receivedKBytesPerSec" : 26.58755732351306,
    "sentKBytesPerSec" : 49180.76405837444
  },
  "Put asset" : {
    "transaction" : "Put asset",
    "sampleCount" : 85928,
    "errorCount" : 0,
    "errorPct" : 0.0,
    "meanResTime" : 19.32360813704465,
    "medianResTime" : 7.0,
    "minResTime" : 3.0,
    "maxResTime" : 507.0,
    "pct1ResTime" : 54.0,
    "pct2ResTime" : 61.0,
    "pct3ResTime" : 87.9900000000016,
    "throughput" : 477.6431350750417,
    "receivedKBytesPerSec" : 26.58755732351306,
    "sentKBytesPerSec" : 49180.76405837444
  }
}