{
  "Total" : {
    "transaction" : "Total",
    "sampleCount" : 22354,
    "errorCount" : 0,
    "errorPct" : 0.0,
    "meanResTime" : 7.248546121499511,
    "medianResTime" : 7.0,
    "minResTime" : 3.0,
    "maxResTime" : 205.0,
    "pct1ResTime" : 11.0,
    "pct2ResTime" : 12.0,
    "pct3ResTime" : 15.0,
    "throughput" : 748.0006692320562,
    "receivedKBytesPerSec" : 41.636756002175005,
    "sentKBytesPerSec" : 12300.959570279821
  },
  "Put asset" : {
    "transaction" : "Put asset",
    "sampleCount" : 22354,
    "errorCount" : 0,
    "errorPct" : 0.0,
    "meanResTime" : 7.248546121499511,
    "medianResTime" : 7.0,
    "minResTime" : 3.0,
    "maxResTime" : 205.0,
    "pct1ResTime" : 11.0,
    "pct2ResTime" : 12.0,
    "pct3ResTime" : 15.0,
    "throughput" : 748.0006692320562,
    "receivedKBytesPerSec" : 41.636756002175005,
    "sentKBytesPerSec" : 12300.959570279821
  }
}