{
  "Total" : {
    "transaction" : "Total",
    "sampleCount" : 19690,
    "errorCount" : 0,
    "errorPct" : 0.0,
    "meanResTime" : 8.262874555611955,
    "medianResTime" : 8.0,
    "minResTime" : 3.0,
    "maxResTime" : 205.0,
    "pct1ResTime" : 12.0,
    "pct2ResTime" : 13.0,
    "pct3ResTime" : 16.0,
    "throughput" : 659.8746606789772,
    "receivedKBytesPerSec" : 36.73130435420088,
    "sentKBytesPerSec" : 16155.520597257366
  },
  "Put asset" : {
    "transaction" : "Put asset",
    "sampleCount" : 19690,
    "errorCount" : 0,
    "errorPct" : 0.0,
    "meanResTime" : 8.262874555611955,
    "medianResTime" : 8.0,
    "minResTime" : 3.0,
    "maxResTime" : 205.0,
    "pct1ResTime" : 12.0,
    "pct2ResTime" : 13.0,
    "pct3ResTime" : 16.0,
    "throughput" : 659.8746606789772,
    "receivedKBytesPerSec" : 36.73130435420088,
    "sentKBytesPerSec" : 16155.520597257366
  }
}