{
  "Total" : {
    "transaction" : "Total",
    "sampleCount" : 26649,
    "errorCount" : 0,
    "errorPct" : 0.0,
    "meanResTime" : 6.070021389170334,
    "medianResTime" : 6.0,
    "minResTime" : 2.0,
    "maxResTime" : 182.0,
    "pct1ResTime" : 9.0,
    "pct2ResTime" : 10.0,
    "pct3ResTime" : 12.0,
    "throughput" : 892.0167364016737,
    "receivedKBytesPerSec" : 49.65327536610879,
    "sentKBytesPerSec" : 14675.847901412133
  },
  "Put asset" : {
    "transaction" : "Put asset",
    "sampleCount" : 26649,
    "errorCount" : 0,
    "errorPct" : 0.0,
    "meanResTime" : 6.070021389170334,
    "medianResTime" : 6.0,
    "minResTime" : 2.0,
    "maxResTime" : 182.0,
    "pct1ResTime" : 9.0,
    "pct2ResTime" : 10.0,
    "pct3ResTime" : 12.0,
    "throughput" : 892.0167364016737,
    "receivedKBytesPerSec" : 49.65327536610879,
    "sentKBytesPerSec" : 14675.847901412133
  }
}