{
  "Total" : {
    "transaction" : "Total",
    "sampleCount" : 24512,
    "errorCount" : 0,
    "errorPct" : 0.0,
    "meanResTime" : 6.616881527415138,
    "medianResTime" : 7.0,
    "minResTime" : 2.0,
    "maxResTime" : 175.0,
    "pct1ResTime" : 10.0,
    "pct2ResTime" : 11.0,
    "pct3ResTime" : 13.0,
    "throughput" : 819.5800454727831,
    "receivedKBytesPerSec" : 45.621154874949845,
    "sentKBytesPerSec" : 13479.111593261
  },
  "Put asset" : {
    "transaction" : "Put asset",
    "sampleCount" : 24512,
    "errorCount" : 0,
    "errorPct" : 0.0,
    "meanResTime" : 6.616881527415138,
    "medianResTime" : 7.0,
    "minResTime" : 2.0,
    "maxResTime" : 175.0,
    "pct1ResTime" : 10.0,
    "pct2ResTime" : 11.0,
    "pct3ResTime" : 13.0,
    "throughput" : 819.5800454727831,
    "receivedKBytesPerSec" : 45.621154874949845,
    "sentKBytesPerSec" : 13479.111593261
  }
}