{
  "Total" : {
    "transaction" : "Total",
    "sampleCount" : 20121,
    "errorCount" : 0,
    "errorPct" : 0.0,
    "meanResTime" : 8.068386263108211,
    "medianResTime" : 8.0,
    "minResTime" : 3.0,
    "maxResTime" : 203.0,
    "pct1ResTime" : 12.0,
    "pct2ResTime" : 13.0,
    "pct3ResTime" : 16.0,
    "throughput" : 674.997483981348,
    "receivedKBytesPerSec" : 37.5731021356805,
    "sentKBytesPerSec" : 11100.989974714012
  },
  "Put asset" : {
    "transaction" : "Put asset",
    "sampleCount" : 20121,
    "errorCount" : 0,
    "errorPct" : 0.0,
    "meanResTime" : 8.068386263108211,
    "medianResTime" : 8.0,
    "minResTime" : 3.0,
    "maxResTime" : 203.0,
    "pct1ResTime" : 12.0,
    "pct2ResTime" : 13.0,
    "pct3ResTime" : 16.0,
    "throughput" : 674.997483981348,
    "receivedKBytesPerSec" : 37.5731021356805,
    "sentKBytesPerSec" : 11100.989974714012
  }
}