{
  "Total" : {
    "transaction" : "Total",
    "sampleCount" : 23873,
    "errorCount" : 0,
    "errorPct" : 0.0,
    "meanResTime" : 6.80706237171697,
    "medianResTime" : 7.0,
    "minResTime" : 2.0,
    "maxResTime" : 129.0,
    "pct1ResTime" : 10.0,
    "pct2ResTime" : 11.0,
    "pct3ResTime" : 13.0,
    "throughput" : 797.8677183249223,
    "receivedKBytesPerSec" : 44.412558539570874,
    "sentKBytesPerSec" : 13124.031564369507
  },
  "Put asset" : {
    "transaction" : "Put asset",
    "sampleCount" : 23873,
    "errorCount" : 0,
    "errorPct" : 0.0,
    "meanResTime" : 6.80706237171697,
    "medianResTime" : 7.0,
    "minResTime" : 2.0,
    "maxResTime" : 129.0,
    "pct1ResTime" : 10.0,
    "pct2ResTime" : 11.0,
    "pct3ResTime" : 13.0,
    "throughput" : 797.8677183249223,
    "receivedKBytesPerSec" : 44.412558539570874,
    "sentKBytesPerSec" : 13124.031564369507
  }
}