{
  "Total" : {
    "transaction" : "Total",
    "sampleCount" : 20098,
    "errorCount" : 0,
    "errorPct" : 0.0,
    "meanResTime" : 8.099562145487132,
    "medianResTime" : 8.0,
    "minResTime" : 3.0,
    "maxResTime" : 205.0,
    "pct1ResTime" : 12.0,
    "pct2ResTime" : 13.0,
    "pct3ResTime" : 16.0,
    "throughput" : 672.7814414354099,
    "receivedKBytesPerSec" : 37.44974820490074,
    "sentKBytesPerSec" : 11064.374144817226
  },
  "Put asset" : {
    "transaction" : "Put asset",
    "sampleCount" : 20098,
    "errorCount" : 0,
    "errorPct" : 0.0,
    "meanResTime" : 8.099562145487132,
    "medianResTime" : 8.0,
    "minResTime" : 3.0,
    "maxResTime" : 205.0,
    "pct1ResTime" : 12.0,
    "pct2ResTime" : 13.0,
    "pct3ResTime" : 16.0,
    "throughput" : 672.7814414354099,
    "receivedKBytesPerSec" : 37.44974820490074,
    "sentKBytesPerSec" : 11064.374144817226
  }
}