{
  "Total" : {
    "transaction" : "Total",
    "sampleCount" : 11769,
    "errorCount" : 0,
    "errorPct" : 0.0,
    "meanResTime" : 13.924037726229892,
    "medianResTime" : 6.0,
    "minResTime" : 3.0,
    "maxResTime" : 74.0,
    "pct1ResTime" : 52.0,
    "pct2ResTime" : 58.0,
    "pct3ResTime" : 64.0,
    "throughput" : 393.2832080200501,
    "receivedKBytesPerSec" : 21.89174107142857,
    "sentKBytesPerSec" : 9643.411556234336
  },
  "Put asset" : {
    "transaction" : "Put asset",
    "sampleCount" : 11769,
    "errorCount" : 0,
    "errorPct" : 0.0,
    "meanResTime" : 13.924037726229892,
    "medianResTime" : 6.0,
    "minResTime" : 3.0,
    "maxResTime" : 74.0,
    "pct1ResTime" : 52.0,
    "pct2ResTime" : 58.0,
    "pct3ResTime" : 64.0,
    "throughput" : 393.2832080200501,
    "receivedKBytesPerSec" : 21.89174107142857,
    "sentKBytesPerSec" : 9643.411556234336
  }
}