{
  "Total" : {
    "transaction" : "Total",
    "sampleCount" : 24530,
    "errorCount" : 0,
    "errorPct" : 0.0,
    "meanResTime" : 6.602038320423991,
    "medianResTime" : 7.0,
    "minResTime" : 2.0,
    "maxResTime" : 177.0,
    "pct1ResTime" : 10.0,
    "pct2ResTime" : 11.0,
    "pct3ResTime" : 14.0,
    "throughput" : 820.1544685546157,
    "receivedKBytesPerSec" : 45.653129597278415,
    "sentKBytesPerSec" : 13491.973537177355
  },
  "Put asset" : {
    "transaction" : "Put asset",
    "sampleCount" : 24530,
    "errorCount" : 0,
    "errorPct" : 0.0,
    "meanResTime" : 6.602038320423991,
    "medianResTime" : 7.0,
    "minResTime" : 2.0,
    "maxResTime" : 177.0,
    "pct1ResTime" : 10.0,
    "pct2ResTime" : 11.0,
    "pct3ResTime" : 14.0,
    "throughput" : 820.1544685546157,
    "receivedKBytesPerSec" : 45.653129597278415,
    "sentKBytesPerSec" : 13491.973537177355
  }
}