{
  "Total" : {
    "transaction" : "Total",
    "sampleCount" : 12834,
    "errorCount" : 0,
    "errorPct" : 0.0,
    "meanResTime" : 12.775751908991724,
    "medianResTime" : 5.0,
    "minResTime" : 3.0,
    "maxResTime" : 69.0,
    "pct1ResTime" : 48.0,
    "pct2ResTime" : 53.0,
    "pct3ResTime" : 59.0,
    "throughput" : 428.442663995994,
    "receivedKBytesPerSec" : 23.84885922633951,
    "sentKBytesPerSec" : 10497.815473209816
  },
  "Put asset" : {
    "transaction" : "Put asset",
    "sampleCount" : 12834,
    "errorCount" : 0,
    "errorPct" : 0.0,
    "meanResTime" : 12.775751908991724,
    "medianResTime" : 5.0,
    "minResTime" : 3.0,
    "maxResTime" : 69.0,
    "pct1ResTime" : 48.0,
    "pct2ResTime" : 53.0,
    "pct3ResTime" : 59.0,
    "throughput" : 428.442663995994,
    "receivedKBytesPerSec" : 23.84885922633951,
    "sentKBytesPerSec" : 10497.815473209816
  }
}