{
  "Total" : {
    "transaction" : "Total",
    "sampleCount" : 11865,
    "errorCount" : 0,
    "errorPct" : 0.0,
    "meanResTime" : 13.811040876527652,
    "medianResTime" : 6.0,
    "minResTime" : 3.0,
    "maxResTime" : 78.0,
    "pct1ResTime" : 51.0,
    "pct2ResTime" : 57.0,
    "pct3ResTime" : 64.0,
    "throughput" : 396.2131837307153,
    "receivedKBytesPerSec" : 22.054835422510518,
    "sentKBytesPerSec" : 9715.165292317839
  },
  "Put asset" : {
    "transaction" : "Put asset",
    "sampleCount" : 11865,
    "errorCount" : 0,
    "errorPct" : 0.0,
    "meanResTime" : 13.811040876527652,
    "medianResTime" : 6.0,
    "minResTime" : 3.0,
    "maxResTime" : 78.0,
    "pct1ResTime" : 51.0,
    "pct2ResTime" : 57.0,
    "pct3ResTime" : 64.0,
    "throughput" : 396.2131837307153,
    "receivedKBytesPerSec" : 22.054835422510518,
    "sentKBytesPerSec" : 9715.165292317839
  }
}