{
  "Total" : {
    "transaction" : "Total",
    "sampleCount" : 19276,
    "errorCount" : 0,
    "errorPct" : 0.0,
    "meanResTime" : 8.446306287611506,
    "medianResTime" : 8.0,
    "minResTime" : 3.0,
    "maxResTime" : 222.0,
    "pct1ResTime" : 12.0,
    "pct2ResTime" : 14.0,
    "pct3ResTime" : 16.0,
    "throughput" : 645.4810300371697,
    "receivedKBytesPerSec" : 35.930096398553395,
    "sentKBytesPerSec" : 15801.095608748703
  },
  "Put asset" : {
    "transaction" : "Put asset",
    "sampleCount" : 19276,
    "errorCount" : 0,
    "errorPct" : 0.0,
    "meanResTime" : 8.446306287611506,
    "medianResTime" : 8.0,
    "minResTime" : 3.0,
    "maxResTime" : 222.0,
    "pct1ResTime" : 12.0,
    "pct2ResTime" : 14.0,
    "pct3ResTime" : 16.0,
    "throughput" : 645.4810300371697,
    "receivedKBytesPerSec" : 35.930096398553395,
    "sentKBytesPerSec" : 15801.095608748703
  }
}