{
  "Total" : {
    "transaction" : "Total",
    "sampleCount" : 11771,
    "errorCount" : 0,
    "errorPct" : 0.0,
    "meanResTime" : 13.91818876900858,
    "medianResTime" : 6.0,
    "minResTime" : 3.0,
    "maxResTime" : 89.0,
    "pct1ResTime" : 52.0,
    "pct2ResTime" : 58.0,
    "pct3ResTime" : 64.0,
    "throughput" : 393.04794977961797,
    "receivedKBytesPerSec" : 21.878645642029518,
    "sentKBytesPerSec" : 9636.024186715307
  },
  "Put asset" : {
    "transaction" : "Put asset",
    "sampleCount" : 11771,
    "errorCount" : 0,
    "errorPct" : 0.0,
    "meanResTime" : 13.91818876900858,
    "medianResTime" : 6.0,
    "minResTime" : 3.0,
    "maxResTime" : 89.0,
    "pct1ResTime" : 52.0,
    "pct2ResTime" : 58.0,
    "pct3ResTime" : 64.0,
    "throughput" : 393.04794977961797,
    "receivedKBytesPerSec" : 21.878645642029518,
    "sentKBytesPerSec" : 9636.024186715307
  }
}