{
  "Total" : {
    "transaction" : "Total",
    "sampleCount" : 23797,
    "errorCount" : 0,
    "errorPct" : 0.0,
    "meanResTime" : 6.787410177753535,
    "medianResTime" : 7.0,
    "minResTime" : 2.0,
    "maxResTime" : 257.0,
    "pct1ResTime" : 10.0,
    "pct2ResTime" : 11.0,
    "pct3ResTime" : 13.0,
    "throughput" : 797.0592175777064,
    "receivedKBytesPerSec" : 44.367554103446544,
    "sentKBytesPerSec" : 13112.364250747336
  },
  "Put asset" : {
    "transaction" : "Put asset",
    "sampleCount" : 23797,
    "errorCount" : 0,
    "errorPct" : 0.0,
    "meanResTime" : 6.787410177753535,
    "medianResTime" : 7.0,
    "minResTime" : 2.0,
    "maxResTime" : 257.0,
    "pct1ResTime" : 10.0,
    "pct2ResTime" : 11.0,
    "pct3ResTime" : 13.0,
    "throughput" : 797.0592175777064,
    "receivedKBytesPerSec" : 44.367554103446544,
    "sentKBytesPerSec" : 13112.364250747336
  }
}