{
  "Total" : {
    "transaction" : "Total",
    "sampleCount" : 22824,
    "errorCount" : 0,
    "errorPct" : 0.0,
    "meanResTime" : 7.120662460567824,
    "medianResTime" : 7.0,
    "minResTime" : 3.0,
    "maxResTime" : 128.0,
    "pct1ResTime" : 10.0,
    "pct2ResTime" : 12.0,
    "pct3ResTime" : 15.0,
    "throughput" : 762.6557957697063,
    "receivedKBytesPerSec" : 42.45251988171216,
    "sentKBytesPerSec" : 12547.140457143632
  },
  "Put asset" : {
    "transaction" : "Put asset",
    "sampleCount" : 22824,
    "errorCount" : 0,
    "errorPct" : 0.0,
    "meanResTime" : 7.120662460567824,
    "medianResTime" : 7.0,
    "minResTime" : 3.0,
    "maxResTime" : 128.0,
    "pct1ResTime" : 10.0,
    "pct2ResTime" : 12.0,
    "pct3ResTime" : 15.0,
    "throughput" : 762.6557957697063,
    "receivedKBytesPerSec" : 42.45251988171216,
    "sentKBytesPerSec" : 12547.140457143632
  }
}