{
  "Total" : {
    "transaction" : "Total",
    "sampleCount" : 11773,
    "errorCount" : 0,
    "errorPct" : 0.0,
    "meanResTime" : 13.88736940456976,
    "medianResTime" : 6.0,
    "minResTime" : 3.0,
    "maxResTime" : 75.0,
    "pct1ResTime" : 52.0,
    "pct2ResTime" : 58.0,
    "pct3ResTime" : 64.0,
    "throughput" : 393.7326510819036,
    "receivedKBytesPerSec" : 21.916758898113777,
    "sentKBytesPerSec" : 9651.20094880815
  },
  "Put asset" : {
    "transaction" : "Put asset",
    "sampleCount" : 11773,
    "errorCount" : 0,
    "errorPct" : 0.0,
    "meanResTime" : 13.88736940456976,
    "medianResTime" : 6.0,
    "minResTime" : 3.0,
    "maxResTime" : 75.0,
    "pct1ResTime" : 52.0,
    "pct2ResTime" : 58.0,
    "pct3ResTime" : 64.0,
    "throughput" : 393.7326510819036,
    "receivedKBytesPerSec" : 21.916758898113777,
    "sentKBytesPerSec" : 9651.20094880815
  }
}