{
  "Total" : {
    "transaction" : "Total",
    "sampleCount" : 21018,
    "errorCount" : 0,
    "errorPct" : 0.0,
    "meanResTime" : 7.687125321153313,
    "medianResTime" : 7.0,
    "minResTime" : 2.0,
    "maxResTime" : 161.0,
    "pct1ResTime" : 11.0,
    "pct2ResTime" : 12.0,
    "pct3ResTime" : 15.0,
    "throughput" : 702.9901665663256,
    "receivedKBytesPerSec" : 39.13128856863335,
    "sentKBytesPerSec" : 11568.669348179645
  },
  "Put asset" : {
    "transaction" : "Put asset",
    "sampleCount" : 21018,
    "errorCount" : 0,
    "errorPct" : 0.0,
    "meanResTime" : 7.687125321153313,
    "medianResTime" : 7.0,
    "minResTime" : 2.0,
    "maxResTime" : 161.0,
    "pct1ResTime" : 11.0,
    "pct2ResTime" : 12.0,
    "pct3ResTime" : 15.0,
    "throughput" : 702.9901665663256,
    "receivedKBytesPerSec" : 39.13128856863335,
    "sentKBytesPerSec" : 11568.669348179645
  }
}