{
  "Total" : {
    "transaction" : "Total",
    "sampleCount" : 19613,
    "errorCount" : 0,
    "errorPct" : 0.0,
    "meanResTime" : 8.2504461326671,
    "medianResTime" : 8.0,
    "minResTime" : 3.0,
    "maxResTime" : 232.0,
    "pct1ResTime" : 12.0,
    "pct2ResTime" : 13.0,
    "pct3ResTime" : 16.0,
    "throughput" : 656.56802356722,
    "receivedKBytesPerSec" : 36.54724349934722,
    "sentKBytesPerSec" : 10805.834025958673
  },
  "Put asset" : {
    "transaction" : "Put asset",
    "sampleCount" : 19613,
    "errorCount" : 0,
    "errorPct" : 0.0,
    "meanResTime" : 8.2504461326671,
    "medianResTime" : 8.0,
    "minResTime" : 3.0,
    "maxResTime" : 232.0,
    "pct1ResTime" : 12.0,
    "pct2ResTime" : 13.0,
    "pct3ResTime" : 16.0,
    "throughput" : 656.56802356722,
    "receivedKBytesPerSec" : 36.54724349934722,
    "sentKBytesPerSec" : 10805.834025958673
  }
}