{
  "Total" : {
    "transaction" : "Total",
    "sampleCount" : 19853,
    "errorCount" : 0,
    "errorPct" : 0.0,
    "meanResTime" : 8.19649423260969,
    "medianResTime" : 8.0,
    "minResTime" : 3.0,
    "maxResTime" : 232.0,
    "pct1ResTime" : 12.0,
    "pct2ResTime" : 13.0,
    "pct3ResTime" : 16.0,
    "throughput" : 664.802598533302,
    "receivedKBytesPerSec" : 37.00561339492013,
    "sentKBytesPerSec" : 16274.482441168839
  },
  "Put asset" : {
    "transaction" : "Put asset",
    "sampleCount" : 19853,
    "errorCount" : 0,
    "errorPct" : 0.0,
    "meanResTime" : 8.19649423260969,
    "medianResTime" : 8.0,
    "minResTime" : 3.0,
    "maxResTime" : 232.0,
    "pct1ResTime" : 12.0,
    "pct2ResTime" : 13.0,
    "pct3ResTime" : 16.0,
    "throughput" : 664.802598533302,
    "receivedKBytesPerSec" : 37.00561339492013,
    "sentKBytesPerSec" : 16274.482441168839
  }
}