{
  "Total" : {
    "transaction" : "Total",
    "sampleCount" : 24808,
    "errorCount" : 0,
    "errorPct" : 0.0,
    "meanResTime" : 6.514229280877117,
    "medianResTime" : 7.0,
    "minResTime" : 2.0,
    "maxResTime" : 182.0,
    "pct1ResTime" : 10.0,
    "pct2ResTime" : 11.0,
    "pct3ResTime" : 13.0,
    "throughput" : 830.6991695687115,
    "receivedKBytesPerSec" : 46.240090493570854,
    "sentKBytesPerSec" : 13669.669886297046
  },
  "Put asset" : {
    "transaction" : "Put asset",
    "sampleCount" : 24808,
    "errorCount" : 0,
    "errorPct" : 0.0,
    "meanResTime" : 6.514229280877117,
    "medianResTime" : 7.0,
    "minResTime" : 2.0,
    "maxResTime" : 182.0,
    "pct1ResTime" : 10.0,
    "pct2ResTime" : 11.0,
    "pct3ResTime" : 13.0,
    "throughput" : 830.6991695687115,
    "receivedKBytesPerSec" : 46.240090493570854,
    "sentKBytesPerSec" : 13669.669886297046
  }
}