{
  "Total" : {
    "transaction" : "Total",
    "sampleCount" : 85617,
    "errorCount" : 0,
    "errorPct" : 0.0,
    "meanResTime" : 19.402805517595798,
    "medianResTime" : 8.0,
    "minResTime" : 3.0,
    "maxResTime" : 632.0,
    "pct1ResTime" : 54.0,
    "pct2ResTime" : 61.0,
    "pct3ResTime" : 80.0,
    "throughput" : 475.6552850587229,
    "receivedKBytesPerSec" : 26.476905515964066,
    "sentKBytesPerSec" : 49109.629511291445
  },
  "Put asset" : {
    "transaction" : "Put asset",
    "sampleCount" : 85617,
    "errorCount" : 0,
    "errorPct" : 0.0,
    "meanResTime" : 19.402805517595798,
    "medianResTime" : 8.0,
    "minResTime" : 3.0,
    "maxResTime" : 632.0,
    "pct1ResTime" : 54.0,
    "pct2ResTime" : 61.0,
    "pct3ResTime" : 80.0,
    "throughput" : 475.6552850587229,
    "receivedKBytesPerSec" : 26.476905515964066,
    "sentKBytesPerSec" : 49109.629511291445
  }
}