{
  "Total" : {
    "transaction" : "Total",
    "sampleCount" : 19452,
    "errorCount" : 0,
    "errorPct" : 0.0,
    "meanResTime" : 8.369936253341542,
    "medianResTime" : 8.0,
    "minResTime" : 3.0,
    "maxResTime" : 214.0,
    "pct1ResTime" : 12.0,
    "pct2ResTime" : 14.0,
    "pct3ResTime" : 17.0,
    "throughput" : 651.6801232872123,
    "receivedKBytesPerSec" : 36.27516311266709,
    "sentKBytesPerSec" : 15959.531366471658
  },
  "Put asset" : {
    "transaction" : "Put asset",
    "sampleCount" : 19452,
    "errorCount" : 0,
    "errorPct" : 0.0,
    "meanResTime" : 8.369936253341542,
    "medianResTime" : 8.0,
    "minResTime" : 3.0,
    "maxResTime" : 214.0,
    "pct1ResTime" : 12.0,
    "pct2ResTime" : 14.0,
    "pct3ResTime" : 17.0,
    "throughput" : 651.6801232872123,
    "receivedKBytesPerSec" : 36.27516311266709,
    "sentKBytesPerSec" : 15959.531366471658
  }
}