{
  "Total" : {
    "transaction" : "Total",
    "sampleCount" : 19403,
    "errorCount" : 0,
    "errorPct" : 0.0,
    "meanResTime" : 8.389372777405558,
    "medianResTime" : 8.0,
    "minResTime" : 3.0,
    "maxResTime" : 194.0,
    "pct1ResTime" : 12.0,
    "pct2ResTime" : 13.0,
    "pct3ResTime" : 16.0,
    "throughput" : 650.1038665147759,
    "receivedKBytesPerSec" : 36.18742225717014,
    "sentKBytesPerSec" : 10685.356575211084
  },
  "Put asset" : {
    "transaction" : "Put asset",
    "sampleCount" : 19403,
    "errorCount" : 0,
    "errorPct" : 0.0,
    "meanResTime" : 8.389372777405558,
    "medianResTime" : 8.0,
    "minResTime" : 3.0,
    "maxResTime" : 194.0,
    "pct1ResTime" : 12.0,
    "pct2ResTime" : 13.0,
    "pct3ResTime" : 16.0,
    "throughput" : 650.1038665147759,
    "receivedKBytesPerSec" : 36.18742225717014,
    "sentKBytesPerSec" : 10685.356575211084
  }
}