{
  "Total" : {
    "transaction" : "Total",
    "sampleCount" : 13549,
    "errorCount" : 0,
    "errorPct" : 0.0,
    "meanResTime" : 12.058380692302052,
    "medianResTime" : 7.0,
    "minResTime" : 4.0,
    "maxResTime" : 68.0,
    "pct1ResTime" : 43.0,
    "pct2ResTime" : 51.0,
    "pct3ResTime" : 58.0,
    "throughput" : 453.56855918585967,
    "receivedKBytesPerSec" : 25.247468626556643,
    "sentKBytesPerSec" : 7466.778535030714
  },
  "Put asset" : {
    "transaction" : "Put asset",
    "sampleCount" : 13549,
    "errorCount" : 0,
    "errorPct" : 0.0,
    "meanResTime" : 12.058380692302052,
    "medianResTime" : 7.0,
    "minResTime" : 4.0,
    "maxResTime" : 68.0,
    "pct1ResTime" : 43.0,
    "pct2ResTime" : 51.0,
    "pct3ResTime" : 58.0,
    "throughput" : 453.56855918585967,
    "receivedKBytesPerSec" : 25.247468626556643,
    "sentKBytesPerSec" : 7466.778535030714
  }
}