{
  "Total" : {
    "transaction" : "Total",
    "sampleCount" : 15271,
    "errorCount" : 0,
    "errorPct" : 0.0,
    "meanResTime" : 10.694060637810228,
    "medianResTime" : 6.0,
    "minResTime" : 3.0,
    "maxResTime" : 66.0,
    "pct1ResTime" : 43.0,
    "pct2ResTime" : 51.0,
    "pct3ResTime" : 58.0,
    "throughput" : 510.2068089940196,
    "receivedKBytesPerSec" : 28.40018370376867,
    "sentKBytesPerSec" : 8408.054802086464
  },
  "Put asset" : {
    "transaction" : "Put asset",
    "sampleCount" : 15271,
    "errorCount" : 0,
    "errorPct" : 0.0,
    "meanResTime" : 10.694060637810228,
    "medianResTime" : 6.0,
    "minResTime" : 3.0,
    "maxResTime" : 66.0,
    "pct1ResTime" : 43.0,
    "pct2ResTime" : 51.0,
    "pct3ResTime" : 58.0,
    "throughput" : 510.2068089940196,
    "receivedKBytesPerSec" : 28.40018370376867,
    "sentKBytesPerSec" : 8408.054802086464
  }
}