{
  "Total" : {
    "transaction" : "Total",
    "sampleCount" : 19633,
    "errorCount" : 0,
    "errorPct" : 0.0,
    "meanResTime" : 8.298782661844891,
    "medianResTime" : 8.0,
    "minResTime" : 3.0,
    "maxResTime" : 197.0,
    "pct1ResTime" : 12.0,
    "pct2ResTime" : 14.0,
    "pct3ResTime" : 17.0,
    "throughput" : 656.7758338072458,
    "receivedKBytesPerSec" : 36.55881106153615,
    "sentKBytesPerSec" : 10793.818166303567
  },
  "Put asset" : {
    "transaction" : "Put asset",
    "sampleCount" : 19633,
    "errorCount" : 0,
    "errorPct" : 0.0,
    "meanResTime" : 8.298782661844891,
    "medianResTime" : 8.0,
    "minResTime" : 3.0,
    "maxResTime" : 197.0,
    "pct1ResTime" : 12.0,
    "pct2ResTime" : 14.0,
    "pct3ResTime" : 17.0,
    "throughput" : 656.7758338072458,
    "receivedKBytesPerSec" : 36.55881106153615,
    "sentKBytesPerSec" : 10793.818166303567
  }
}