{
  "Total" : {
    "transaction" : "Total",
    "sampleCount" : 27803,
    "errorCount" : 0,
    "errorPct" : 0.0,
    "meanResTime" : 5.842175304823189,
    "medianResTime" : 6.0,
    "minResTime" : 2.0,
    "maxResTime" : 137.0,
    "pct1ResTime" : 9.0,
    "pct2ResTime" : 10.0,
    "pct3ResTime" : 12.0,
    "throughput" : 929.4310356354883,
    "receivedKBytesPerSec" : 51.73590725705355,
    "sentKBytesPerSec" : 15296.300468896252
  },
  "Put asset" : {
    "transaction" : "Put asset",
    "sampleCount" : 27803,
    "errorCount" : 0,
    "errorPct" : 0.0,
    "meanResTime" : 5.842175304823189,
    "medianResTime" : 6.0,
    "minResTime" : 2.0,
    "maxResTime" : 137.0,
    "pct1ResTime" : 9.0,
    "pct2ResTime" : 10.0,
    "pct3ResTime" : 12.0,
    "throughput" : 929.4310356354883,
    "receivedKBytesPerSec" : 51.73590725705355,
    "sentKBytesPerSec" : 15296.300468896252
  }
}