{
  "Total" : {
    "transaction" : "Total",
    "sampleCount" : 26140,
    "errorCount" : 0,
    "errorPct" : 0.0,
    "meanResTime" : 6.196595256312159,
    "medianResTime" : 6.0,
    "minResTime" : 2.0,
    "maxResTime" : 167.0,
    "pct1ResTime" : 9.0,
    "pct2ResTime" : 10.0,
    "pct3ResTime" : 13.0,
    "throughput" : 874.9205074137296,
    "receivedKBytesPerSec" : 48.701629807209564,
    "sentKBytesPerSec" : 14385.376822315244
  },
  "Put asset" : {
    "transaction" : "Put asset",
    "sampleCount" : 26140,
    "errorCount" : 0,
    "errorPct" : 0.0,
    "meanResTime" : 6.196595256312159,
    "medianResTime" : 6.0,
    "minResTime" : 2.0,
    "maxResTime" : 167.0,
    "pct1ResTime" : 9.0,
    "pct2ResTime" : 10.0,
    "pct3ResTime" : 13.0,
    "throughput" : 874.9205074137296,
    "receivedKBytesPerSec" : 48.701629807209564,
    "sentKBytesPerSec" : 14385.376822315244
  }
}