{
  "Total" : {
    "transaction" : "Total",
    "sampleCount" : 12797,
    "errorCount" : 0,
    "errorPct" : 0.0,
    "meanResTime" : 12.783230444635473,
    "medianResTime" : 5.0,
    "minResTime" : 3.0,
    "maxResTime" : 66.0,
    "pct1ResTime" : 47.0,
    "pct2ResTime" : 53.0,
    "pct3ResTime" : 59.0,
    "throughput" : 427.75010863388707,
    "receivedKBytesPerSec" : 23.810308781378478,
    "sentKBytesPerSec" : 10484.54686220418
  },
  "Put asset" : {
    "transaction" : "Put asset",
    "sampleCount" : 12797,
    "errorCount" : 0,
    "errorPct" : 0.0,
    "meanResTime" : 12.783230444635473,
    "medianResTime" : 5.0,
    "minResTime" : 3.0,
    "maxResTime" : 66.0,
    "pct1ResTime" : 47.0,
    "pct2ResTime" : 53.0,
    "pct3ResTime" : 59.0,
    "throughput" : 427.75010863388707,
    "receivedKBytesPerSec" : 23.810308781378478,
    "sentKBytesPerSec" : 10484.54686220418
  }
}