{
  "Total" : {
    "transaction" : "Total",
    "sampleCount" : 22959,
    "errorCount" : 0,
    "errorPct" : 0.0,
    "meanResTime" : 7.05505466265952,
    "medianResTime" : 7.0,
    "minResTime" : 3.0,
    "maxResTime" : 193.0,
    "pct1ResTime" : 10.0,
    "pct2ResTime" : 12.0,
    "pct3ResTime" : 14.0,
    "throughput" : 768.7336770910065,
    "receivedKBytesPerSec" : 42.790839447448604,
    "sentKBytesPerSec" : 12651.403776713069
  },
  "Put asset" : {
    "transaction" : "Put asset",
    "sampleCount" : 22959,
    "errorCount" : 0,
    "errorPct" : 0.0,
    "meanResTime" : 7.05505466265952,
    "medianResTime" : 7.0,
    "minResTime" : 3.0,
    "maxResTime" : 193.0,
    "pct1ResTime" : 10.0,
    "pct2ResTime" : 12.0,
    "pct3ResTime" : 14.0,
    "throughput" : 768.7336770910065,
    "receivedKBytesPerSec" : 42.790839447448604,
    "sentKBytesPerSec" : 12651.403776713069
  }
}