{
  "Total" : {
    "transaction" : "Total",
    "sampleCount" : 25037,
    "errorCount" : 0,
    "errorPct" : 0.0,
    "meanResTime" : 6.462036186444036,
    "medianResTime" : 7.0,
    "minResTime" : 2.0,
    "maxResTime" : 205.0,
    "pct1ResTime" : 9.0,
    "pct2ResTime" : 11.0,
    "pct3ResTime" : 13.0,
    "throughput" : 838.0866305148289,
    "receivedKBytesPerSec" : 46.65130658139185,
    "sentKBytesPerSec" : 13790.97695346497
  },
  "Put asset" : {
    "transaction" : "Put asset",
    "sampleCount" : 25037,
    "errorCount" : 0,
    "errorPct" : 0.0,
    "meanResTime" : 6.462036186444036,
    "medianResTime" : 7.0,
    "minResTime" : 2.0,
    "maxResTime" : 205.0,
    "pct1ResTime" : 9.0,
    "pct2ResTime" : 11.0,
    "pct3ResTime" : 13.0,
    "throughput" : 838.0866305148289,
    "receivedKBytesPerSec" : 46.65130658139185,
    "sentKBytesPerSec" : 13790.97695346497
  }
}