{
  "Total" : {
    "transaction" : "Total",
    "sampleCount" : 19723,
    "errorCount" : 0,
    "errorPct" : 0.0,
    "meanResTime" : 8.2441819195863,
    "medianResTime" : 8.0,
    "minResTime" : 3.0,
    "maxResTime" : 219.0,
    "pct1ResTime" : 12.0,
    "pct2ResTime" : 13.0,
    "pct3ResTime" : 16.0,
    "throughput" : 662.0900332337441,
    "receivedKBytesPerSec" : 36.8546209905502,
    "sentKBytesPerSec" : 16209.320561123652
  },
  "Put asset" : {
    "transaction" : "Put asset",
    "sampleCount" : 19723,
    "errorCount" : 0,
    "errorPct" : 0.0,
    "meanResTime" : 8.2441819195863,
    "medianResTime" : 8.0,
    "minResTime" : 3.0,
    "maxResTime" : 219.0,
    "pct1ResTime" : 12.0,
    "pct2ResTime" : 13.0,
    "pct3ResTime" : 16.0,
    "throughput" : 662.0900332337441,
    "receivedKBytesPerSec" : 36.8546209905502,
    "sentKBytesPerSec" : 16209.320561123652
  }
}