{
  "Total" : {
    "transaction" : "Total",
    "sampleCount" : 11443,
    "errorCount" : 0,
    "errorPct" : 0.0,
    "meanResTime" : 14.293804072358611,
    "medianResTime" : 6.0,
    "minResTime" : 3.0,
    "maxResTime" : 150.0,
    "pct1ResTime" : 52.0,
    "pct2ResTime" : 58.0,
    "pct3ResTime" : 64.0,
    "throughput" : 382.4659915104114,
    "receivedKBytesPerSec" : 21.28961085556001,
    "sentKBytesPerSec" : 9370.950785871853
  },
  "Put asset" : {
    "transaction" : "Put asset",
    "sampleCount" : 11443,
    "errorCount" : 0,
    "errorPct" : 0.0,
    "meanResTime" : 14.293804072358611,
    "medianResTime" : 6.0,
    "minResTime" : 3.0,
    "maxResTime" : 150.0,
    "pct1ResTime" : 52.0,
    "pct2ResTime" : 58.0,
    "pct3ResTime" : 64.0,
    "throughput" : 382.4659915104114,
    "receivedKBytesPerSec" : 21.28961085556001,
    "sentKBytesPerSec" : 9370.950785871853
  }
}