{
  "Total" : {
    "transaction" : "Total",
    "sampleCount" : 12893,
    "errorCount" : 0,
    "errorPct" : 0.0,
    "meanResTime" : 12.702939579616826,
    "medianResTime" : 5.0,
    "minResTime" : 3.0,
    "maxResTime" : 68.0,
    "pct1ResTime" : 47.0,
    "pct2ResTime" : 52.0,
    "pct3ResTime" : 59.0,
    "throughput" : 430.74301750634777,
    "receivedKBytesPerSec" : 23.976906247911934,
    "sentKBytesPerSec" : 10552.11549172917
  },
  "Put asset" : {
    "transaction" : "Put asset",
    "sampleCount" : 12893,
    "errorCount" : 0,
    "errorPct" : 0.0,
    "meanResTime" : 12.702939579616826,
    "medianResTime" : 5.0,
    "minResTime" : 3.0,
    "maxResTime" : 68.0,
    "pct1ResTime" : 47.0,
    "pct2ResTime" : 52.0,
    "pct3ResTime" : 59.0,
    "throughput" : 430.74301750634777,
    "receivedKBytesPerSec" : 23.976906247911934,
    "sentKBytesPerSec" : 10552.11549172917
  }
}