{
  "Total" : {
    "transaction" : "Total",
    "sampleCount" : 25180,
    "errorCount" : 0,
    "errorPct" : 0.0,
    "meanResTime" : 6.425416997617158,
    "medianResTime" : 6.0,
    "minResTime" : 2.0,
    "maxResTime" : 155.0,
    "pct1ResTime" : 10.0,
    "pct2ResTime" : 12.0,
    "pct3ResTime" : 15.0,
    "throughput" : 843.29682842694,
    "receivedKBytesPerSec" : 46.94132736360896,
    "sentKBytesPerSec" : 13871.461232375497
  },
  "Put asset" : {
    "transaction" : "Put asset",
    "sampleCount" : 25180,
    "errorCount" : 0,
    "errorPct" : 0.0,
    "meanResTime" : 6.425416997617158,
    "medianResTime" : 6.0,
    "minResTime" : 2.0,
    "maxResTime" : 155.0,
    "pct1ResTime" : 10.0,
    "pct2ResTime" : 12.0,
    "pct3ResTime" : 15.0,
    "throughput" : 843.29682842694,
    "receivedKBytesPerSec" : 46.94132736360896,
    "sentKBytesPerSec" : 13871.461232375497
  }
}