{
  "Total" : {
    "transaction" : "Total",
    "sampleCount" : 19525,
    "errorCount" : 0,
    "errorPct" : 0.0,
    "meanResTime" : 8.338181818181802,
    "medianResTime" : 8.0,
    "minResTime" : 3.0,
    "maxResTime" : 219.0,
    "pct1ResTime" : 12.0,
    "pct2ResTime" : 13.0,
    "pct3ResTime" : 16.0,
    "throughput" : 654.1695982845847,
    "receivedKBytesPerSec" : 36.413737404513014,
    "sentKBytesPerSec" : 10750.950256464217
  },
  "Put asset" : {
    "transaction" : "Put asset",
    "sampleCount" : 19525,
    "errorCount" : 0,
    "errorPct" : 0.0,
    "meanResTime" : 8.338181818181802,
    "medianResTime" : 8.0,
    "minResTime" : 3.0,
    "maxResTime" : 219.0,
    "pct1ResTime" : 12.0,
    "pct2ResTime" : 13.0,
    "pct3ResTime" : 16.0,
    "throughput" : 654.1695982845847,
    "receivedKBytesPerSec" : 36.413737404513014,
    "sentKBytesPerSec" : 10750.950256464217
  }
}