{
  "Total" : {
    "transaction" : "Total",
    "sampleCount" : 14061,
    "errorCount" : 0,
    "errorPct" : 0.0,
    "meanResTime" : 11.645544413626338,
    "medianResTime" : 7.0,
    "minResTime" : 4.0,
    "maxResTime" : 70.0,
    "pct1ResTime" : 43.0,
    "pct2ResTime" : 50.0,
    "pct3ResTime" : 58.0,
    "throughput" : 469.62359306636387,
    "receivedKBytesPerSec" : 26.141157035920646,
    "sentKBytesPerSec" : 7727.135762833573
  },
  "Put asset" : {
    "transaction" : "Put asset",
    "sampleCount" : 14061,
    "errorCount" : 0,
    "errorPct" : 0.0,
    "meanResTime" : 11.645544413626338,
    "medianResTime" : 7.0,
    "minResTime" : 4.0,
    "maxResTime" : 70.0,
    "pct1ResTime" : 43.0,
    "pct2ResTime" : 50.0,
    "pct3ResTime" : 58.0,
    "throughput" : 469.62359306636387,
    "receivedKBytesPerSec" : 26.141157035920646,
    "sentKBytesPerSec" : 7727.135762833573
  }
}