{
  "Total" : {
    "transaction" : "Total",
    "sampleCount" : 90493,
    "errorCount" : 0,
    "errorPct" : 0.0,
    "meanResTime" : 18.355640767794146,
    "medianResTime" : 8.0,
    "minResTime" : 3.0,
    "maxResTime" : 661.0,
    "pct1ResTime" : 54.0,
    "pct2ResTime" : 61.0,
    "pct3ResTime" : 81.0,
    "throughput" : 502.86460504014894,
    "receivedKBytesPerSec" : 27.991486803992665,
    "sentKBytesPerSec" : 51797.152684438464
  },
  "Put asset" : {
    "transaction" : "Put asset",
    "sampleCount" : 90493,
    "errorCount" : 0,
    "errorPct" : 0.0,
    "meanResTime" : 18.355640767794146,
    "medianResTime" : 8.0,
    "minResTime" : 3.0,
    "maxResTime" : 661.0,
    "pct1ResTime" : 54.0,
    "pct2ResTime" : 61.0,
    "pct3ResTime" : 81.0,
    "throughput" : 502.86460504014894,
    "receivedKBytesPerSec" : 27.991486803992665,
    "sentKBytesPerSec" : 51797.152684438464
  }
}