{
  "Total" : {
    "transaction" : "Total",
    "sampleCount" : 92521,
    "errorCount" : 0,
    "errorPct" : 0.0,
    "meanResTime" : 17.956096453778162,
    "medianResTime" : 7.0,
    "minResTime" : 3.0,
    "maxResTime" : 463.0,
    "pct1ResTime" : 50.0,
    "pct2ResTime" : 56.0,
    "pct3ResTime" : 83.0,
    "throughput" : 513.9884226081352,
    "receivedKBytesPerSec" : 28.610683680335654,
    "sentKBytesPerSec" : 53063.477354574294
  },
  "Put asset" : {
    "transaction" : "Put asset",
    "sampleCount" : 92521,
    "errorCount" : 0,
    "errorPct" : 0.0,
    "meanResTime" : 17.956096453778162,
    "medianResTime" : 7.0,
    "minResTime" : 3.0,
    "maxResTime" : 463.0,
    "pct1ResTime" : 50.0,
    "pct2ResTime" : 56.0,
    "pct3ResTime" : 83.0,
    "throughput" : 513.9884226081352,
    "receivedKBytesPerSec" : 28.610683680335654,
    "sentKBytesPerSec" : 53063.477354574294
  }
}