{
  "Total" : {
    "transaction" : "Total",
    "sampleCount" : 93151,
    "errorCount" : 0,
    "errorPct" : 0.0,
    "meanResTime" : 17.83201468583296,
    "medianResTime" : 7.0,
    "minResTime" : 3.0,
    "maxResTime" : 468.0,
    "pct1ResTime" : 49.0,
    "pct2ResTime" : 56.0,
    "pct3ResTime" : 76.0,
    "throughput" : 517.6838688881726,
    "receivedKBytesPerSec" : 28.816387233033048,
    "sentKBytesPerSec" : 53422.90766363796
  },
  "Put asset" : {
    "transaction" : "Put asset",
    "sampleCount" : 93151,
    "errorCount" : 0,
    "errorPct" : 0.0,
    "meanResTime" : 17.83201468583296,
    "medianResTime" : 7.0,
    "minResTime" : 3.0,
    "maxResTime" : 468.0,
    "pct1ResTime" : 49.0,
    "pct2ResTime" : 56.0,
    "pct3ResTime" : 76.0,
    "throughput" : 517.6838688881726,
    "receivedKBytesPerSec" : 28.816387233033048,
    "sentKBytesPerSec" : 53422.90766363796
  }
}