{
  "Total" : {
    "transaction" : "Total",
    "sampleCount" : 84793,
    "errorCount" : 0,
    "errorPct" : 0.0,
    "meanResTime" : 19.589647730355214,
    "medianResTime" : 8.0,
    "minResTime" : 3.0,
    "maxResTime" : 524.0,
    "pct1ResTime" : 54.0,
    "pct2ResTime" : 61.0,
    "pct3ResTime" : 81.9900000000016,
    "throughput" : 471.25286915539846,
    "receivedKBytesPerSec" : 26.23184916197042,
    "sentKBytesPerSec" : 48515.66249809822
  },
  "Put asset" : {
    "transaction" : "Put asset",
    "sampleCount" : 84793,
    "errorCount" : 0,
    "errorPct" : 0.0,
    "meanResTime" : 19.589647730355214,
    "medianResTime" : 8.0,
    "minResTime" : 3.0,
    "maxResTime" : 524.0,
    "pct1ResTime" : 54.0,
    "pct2ResTime" : 61.0,
    "pct3ResTime" : 81.9900000000016,
    "throughput" : 471.25286915539846,
    "receivedKBytesPerSec" : 26.23184916197042,
    "sentKBytesPerSec" : 48515.66249809822
  }
}