{
  "Total" : {
    "transaction" : "Total",
    "sampleCount" : 93327,
    "errorCount" : 0,
    "errorPct" : 0.0,
    "meanResTime" : 17.797668413214183,
    "medianResTime" : 7.0,
    "minResTime" : 3.0,
    "maxResTime" : 490.0,
    "pct1ResTime" : 50.0,
    "pct2ResTime" : 56.0,
    "pct3ResTime" : 79.9900000000016,
    "throughput" : 518.7744234264782,
    "receivedKBytesPerSec" : 28.877091929012945,
    "sentKBytesPerSec" : 53455.65178673172
  },
  "Put asset" : {
    "transaction" : "Put asset",
    "sampleCount" : 93327,
    "errorCount" : 0,
    "errorPct" : 0.0,
    "meanResTime" : 17.797668413214183,
    "medianResTime" : 7.0,
    "minResTime" : 3.0,
    "maxResTime" : 490.0,
    "pct1ResTime" : 50.0,
    "pct2ResTime" : 56.0,
    "pct3ResTime" : 79.9900000000016,
    "throughput" : 518.7744234264782,
    "receivedKBytesPerSec" : 28.877091929012945,
    "sentKBytesPerSec" : 53455.65178673172
  }
}