{
  "Total" : {
    "transaction" : "Total",
    "sampleCount" : 85534,
    "errorCount" : 0,
    "errorPct" : 0.0,
    "meanResTime" : 19.420160404049657,
    "medianResTime" : 8.0,
    "minResTime" : 3.0,
    "maxResTime" : 515.0,
    "pct1ResTime" : 54.0,
    "pct2ResTime" : 61.0,
    "pct3ResTime" : 84.0,
    "throughput" : 475.3896089459994,
    "receivedKBytesPerSec" : 26.46211690422067,
    "sentKBytesPerSec" : 48876.993696600715
  },
  "Put asset" : {
    "transaction" : "Put asset",
    "sampleCount" : 85534,
    "errorCount" : 0,
    "errorPct" : 0.0,
    "meanResTime" : 19.420160404049657,
    "medianResTime" : 8.0,
    "minResTime" : 3.0,
    "maxResTime" : 515.0,
    "pct1ResTime" : 54.0,
    "pct2ResTime" : 61.0,
    "pct3ResTime" : 84.0,
    "throughput" : 475.3896089459994,
    "receivedKBytesPerSec" : 26.46211690422067,
    "sentKBytesPerSec" : 48876.993696600715
  }
}