{
  "Total" : {
    "transaction" : "Total",
    "sampleCount" : 93063,
    "errorCount" : 0,
    "errorPct" : 0.0,
    "meanResTime" : 17.862695163491175,
    "medianResTime" : 7.0,
    "minResTime" : 3.0,
    "maxResTime" : 455.0,
    "pct1ResTime" : 50.0,
    "pct2ResTime" : 56.0,
    "pct3ResTime" : 73.0,
    "throughput" : 516.3683375317657,
    "receivedKBytesPerSec" : 28.7431594133893,
    "sentKBytesPerSec" : 53321.743456176206
  },
  "Put asset" : {
    "transaction" : "Put asset",
    "sampleCount" : 93063,
    "errorCount" : 0,
    "errorPct" : 0.0,
    "meanResTime" : 17.862695163491175,
    "medianResTime" : 7.0,
    "minResTime" : 3.0,
    "maxResTime" : 455.0,
    "pct1ResTime" : 50.0,
    "pct2ResTime" : 56.0,
    "pct3ResTime" : 73.0,
    "throughput" : 516.3683375317657,
    "receivedKBytesPerSec" : 28.7431594133893,
    "sentKBytesPerSec" : 53321.743456176206
  }
}