{
  "Total" : {
    "transaction" : "Total",
    "sampleCount" : 85633,
    "errorCount" : 0,
    "errorPct" : 0.0,
    "meanResTime" : 19.39904008968491,
    "medianResTime" : 8.0,
    "minResTime" : 3.0,
    "maxResTime" : 650.0,
    "pct1ResTime" : 54.0,
    "pct2ResTime" : 61.0,
    "pct3ResTime" : 82.0,
    "throughput" : 475.7864675356425,
    "receivedKBytesPerSec" : 26.484207665558223,
    "sentKBytesPerSec" : 49118.1978278123
  },
  "Put asset" : {
    "transaction" : "Put asset",
    "sampleCount" : 85633,
    "errorCount" : 0,
    "errorPct" : 0.0,
    "meanResTime" : 19.39904008968491,
    "medianResTime" : 8.0,
    "minResTime" : 3.0,
    "maxResTime" : 650.0,
    "pct1ResTime" : 54.0,
    "pct2ResTime" : 61.0,
    "pct3ResTime" : 82.0,
    "throughput" : 475.7864675356425,
    "receivedKBytesPerSec" : 26.484207665558223,
    "sentKBytesPerSec" : 49118.1978278123
  }
}