{
  "Total" : {
    "transaction" : "Total",
    "sampleCount" : 84983,
    "errorCount" : 0,
    "errorPct" : 0.0,
    "meanResTime" : 19.5523457632705,
    "medianResTime" : 7.0,
    "minResTime" : 3.0,
    "maxResTime" : 569.0,
    "pct1ResTime" : 55.0,
    "pct2ResTime" : 61.0,
    "pct3ResTime" : 101.0,
    "throughput" : 471.7739473172898,
    "receivedKBytesPerSec" : 26.26085448934133,
    "sentKBytesPerSec" : 48636.69244594332
  },
  "Put asset" : {
    "transaction" : "Put asset",
    "sampleCount" : 84983,
    "errorCount" : 0,
    "errorPct" : 0.0,
    "meanResTime" : 19.5523457632705,
    "medianResTime" : 7.0,
    "minResTime" : 3.0,
    "maxResTime" : 569.0,
    "pct1ResTime" : 55.0,
    "pct2ResTime" : 61.0,
    "pct3ResTime" : 101.0,
    "throughput" : 471.7739473172898,
    "receivedKBytesPerSec" : 26.26085448934133,
    "sentKBytesPerSec" : 48636.69244594332
  }
}