{
  "Total" : {
    "transaction" : "Total",
    "sampleCount" : 93221,
    "errorCount" : 0,
    "errorPct" : 0.0,
    "meanResTime" : 17.8210810868797,
    "medianResTime" : 7.0,
    "minResTime" : 3.0,
    "maxResTime" : 587.0,
    "pct1ResTime" : 50.0,
    "pct2ResTime" : 56.0,
    "pct3ResTime" : 79.0,
    "throughput" : 518.0095576794843,
    "receivedKBytesPerSec" : 28.83451639426817,
    "sentKBytesPerSec" : 53429.03221657764
  },
  "Put asset" : {
    "transaction" : "Put asset",
    "sampleCount" : 93221,
    "errorCount" : 0,
    "errorPct" : 0.0,
    "meanResTime" : 17.8210810868797,
    "medianResTime" : 7.0,
    "minResTime" : 3.0,
    "maxResTime" : 587.0,
    "pct1ResTime" : 50.0,
    "pct2ResTime" : 56.0,
    "pct3ResTime" : 79.0,
    "throughput" : 518.0095576794843,
    "receivedKBytesPerSec" : 28.83451639426817,
    "sentKBytesPerSec" : 53429.03221657764
  }
}