{
  "Total" : {
    "transaction" : "Total",
    "sampleCount" : 93354,
    "errorCount" : 0,
    "errorPct" : 0.0,
    "meanResTime" : 17.793067249394507,
    "medianResTime" : 7.0,
    "minResTime" : 3.0,
    "maxResTime" : 654.0,
    "pct1ResTime" : 50.0,
    "pct2ResTime" : 56.0,
    "pct3ResTime" : 86.0,
    "throughput" : 518.7341983163393,
    "receivedKBytesPerSec" : 28.874852835968106,
    "sentKBytesPerSec" : 53440.27162182577
  },
  "Put asset" : {
    "transaction" : "Put asset",
    "sampleCount" : 93354,
    "errorCount" : 0,
    "errorPct" : 0.0,
    "meanResTime" : 17.793067249394507,
    "medianResTime" : 7.0,
    "minResTime" : 3.0,
    "maxResTime" : 654.0,
    "pct1ResTime" : 50.0,
    "pct2ResTime" : 56.0,
    "pct3ResTime" : 86.0,
    "throughput" : 518.7341983163393,
    "receivedKBytesPerSec" : 28.874852835968106,
    "sentKBytesPerSec" : 53440.27162182577
  }
}