{
  "Total" : {
    "transaction" : "Total",
    "sampleCount" : 85611,
    "errorCount" : 0,
    "errorPct" : 0.0,
    "meanResTime" : 19.40679351952432,
    "medianResTime" : 8.0,
    "minResTime" : 3.0,
    "maxResTime" : 523.0,
    "pct1ResTime" : 54.0,
    "pct2ResTime" : 61.0,
    "pct3ResTime" : 82.9900000000016,
    "throughput" : 475.5347690120035,
    "receivedKBytesPerSec" : 26.470197103207223,
    "sentKBytesPerSec" : 49099.571149161464
  },
  "Put asset" : {
    "transaction" : "Put asset",
    "sampleCount" : 85611,
    "errorCount" : 0,
    "errorPct" : 0.0,
    "meanResTime" : 19.40679351952432,
    "medianResTime" : 8.0,
    "minResTime" : 3.0,
    "maxResTime" : 523.0,
    "pct1ResTime" : 54.0,
    "pct2ResTime" : 61.0,
    "pct3ResTime" : 82.9900000000016,
    "throughput" : 475.5347690120035,
    "receivedKBytesPerSec" : 26.470197103207223,
    "sentKBytesPerSec" : 49099.571149161464
  }
}