{
  "Total" : {
    "transaction" : "Total",
    "sampleCount" : 91938,
    "errorCount" : 0,
    "errorPct" : 0.0,
    "meanResTime" : 18.07346255084944,
    "medianResTime" : 7.0,
    "minResTime" : 3.0,
    "maxResTime" : 553.0,
    "pct1ResTime" : 50.0,
    "pct2ResTime" : 56.0,
    "pct3ResTime" : 76.0,
    "throughput" : 510.596467844052,
    "receivedKBytesPerSec" : 28.42187369835055,
    "sentKBytesPerSec" : 52716.84916876666
  },
  "Put asset" : {
    "transaction" : "Put asset",
    "sampleCount" : 91938,
    "errorCount" : 0,
    "errorPct" : 0.0,
    "meanResTime" : 18.07346255084944,
    "medianResTime" : 7.0,
    "minResTime" : 3.0,
    "maxResTime" : 553.0,
    "pct1ResTime" : 50.0,
    "pct2ResTime" : 56.0,
    "pct3ResTime" : 76.0,
    "throughput" : 510.596467844052,
    "receivedKBytesPerSec" : 28.42187369835055,
    "sentKBytesPerSec" : 52716.84916876666
  }
}