{
  "Total" : {
    "transaction" : "Total",
    "sampleCount" : 93884,
    "errorCount" : 0,
    "errorPct" : 0.0,
    "meanResTime" : 17.694261002939704,
    "medianResTime" : 7.0,
    "minResTime" : 3.0,
    "maxResTime" : 654.0,
    "pct1ResTime" : 49.0,
    "pct2ResTime" : 56.0,
    "pct3ResTime" : 76.0,
    "throughput" : 521.8212943818227,
    "receivedKBytesPerSec" : 29.046693144300676,
    "sentKBytesPerSec" : 53777.26595219262
  },
  "Put asset" : {
    "transaction" : "Put asset",
    "sampleCount" : 93884,
    "errorCount" : 0,
    "errorPct" : 0.0,
    "meanResTime" : 17.694261002939704,
    "medianResTime" : 7.0,
    "minResTime" : 3.0,
    "maxResTime" : 654.0,
    "pct1ResTime" : 49.0,
    "pct2ResTime" : 56.0,
    "pct3ResTime" : 76.0,
    "throughput" : 521.8212943818227,
    "receivedKBytesPerSec" : 29.046693144300676,
    "sentKBytesPerSec" : 53777.26595219262
  }
}