{
  "Total" : {
    "transaction" : "Total",
    "sampleCount" : 85365,
    "errorCount" : 0,
    "errorPct" : 0.0,
    "meanResTime" : 19.453359105019697,
    "medianResTime" : 8.0,
    "minResTime" : 3.0,
    "maxResTime" : 687.0,
    "pct1ResTime" : 54.0,
    "pct2ResTime" : 61.0,
    "pct3ResTime" : 78.9900000000016,
    "throughput" : 474.47141999599813,
    "receivedKBytesPerSec" : 26.411006777120992,
    "sentKBytesPerSec" : 48849.62166372085
  },
  "Put asset" : {
    "transaction" : "Put asset",
    "sampleCount" : 85365,
    "errorCount" : 0,
    "errorPct" : 0.0,
    "meanResTime" : 19.453359105019697,
    "medianResTime" : 8.0,
    "minResTime" : 3.0,
    "maxResTime" : 687.0,
    "pct1ResTime" : 54.0,
    "pct2ResTime" : 61.0,
    "pct3ResTime" : 78.9900000000016,
    "throughput" : 474.47141999599813,
    "receivedKBytesPerSec" : 26.411006777120992,
    "sentKBytesPerSec" : 48849.62166372085
  }
}