{
  "Total" : {
    "transaction" : "Total",
    "sampleCount" : 85234,
    "errorCount" : 0,
    "errorPct" : 0.0,
    "meanResTime" : 19.488807283478497,
    "medianResTime" : 7.0,
    "minResTime" : 3.0,
    "maxResTime" : 497.0,
    "pct1ResTime" : 55.0,
    "pct2ResTime" : 61.0,
    "pct3ResTime" : 104.0,
    "throughput" : 473.6380004000978,
    "receivedKBytesPerSec" : 26.364615256646072,
    "sentKBytesPerSec" : 48817.37519887674
  },
  "Put asset" : {
    "transaction" : "Put asset",
    "sampleCount" : 85234,
    "errorCount" : 0,
    "errorPct" : 0.0,
    "meanResTime" : 19.488807283478497,
    "medianResTime" : 7.0,
    "minResTime" : 3.0,
    "maxResTime" : 497.0,
    "pct1ResTime" : 55.0,
    "pct2ResTime" : 61.0,
    "pct3ResTime" : 104.0,
    "throughput" : 473.6380004000978,
    "receivedKBytesPerSec" : 26.364615256646072,
    "sentKBytesPerSec" : 48817.37519887674
  }
}