{
  "Total" : {
    "transaction" : "Total",
    "sampleCount" : 93653,
    "errorCount" : 0,
    "errorPct" : 0.0,
    "meanResTime" : 17.73671959253812,
    "medianResTime" : 7.0,
    "minResTime" : 3.0,
    "maxResTime" : 453.0,
    "pct1ResTime" : 49.0,
    "pct2ResTime" : 55.0,
    "pct3ResTime" : 82.0,
    "throughput" : 520.158625247852,
    "receivedKBytesPerSec" : 28.95414222571051,
    "sentKBytesPerSec" : 53707.59052779448
  },
  "Put asset" : {
    "transaction" : "Put asset",
    "sampleCount" : 93653,
    "errorCount" : 0,
    "errorPct" : 0.0,
    "meanResTime" : 17.73671959253812,
    "medianResTime" : 7.0,
    "minResTime" : 3.0,
    "maxResTime" : 453.0,
    "pct1ResTime" : 49.0,
    "pct2ResTime" : 55.0,
    "pct3ResTime" : 82.0,
    "throughput" : 520.158625247852,
    "receivedKBytesPerSec" : 28.95414222571051,
    "sentKBytesPerSec" : 53707.59052779448
  }
}