{
  "Total" : {
    "transaction" : "Total",
    "sampleCount" : 85050,
    "errorCount" : 0,
    "errorPct" : 0.0,
    "meanResTime" : 19.526760728982783,
    "medianResTime" : 8.0,
    "minResTime" : 3.0,
    "maxResTime" : 682.0,
    "pct1ResTime" : 54.0,
    "pct2ResTime" : 61.0,
    "pct3ResTime" : 84.0,
    "throughput" : 472.5577570591961,
    "receivedKBytesPerSec" : 26.30448452380291,
    "sentKBytesPerSec" : 48787.37893919673
  },
  "Put asset" : {
    "transaction" : "Put asset",
    "sampleCount" : 85050,
    "errorCount" : 0,
    "errorPct" : 0.0,
    "meanResTime" : 19.526760728982783,
    "medianResTime" : 8.0,
    "minResTime" : 3.0,
    "maxResTime" : 682.0,
    "pct1ResTime" : 54.0,
    "pct2ResTime" : 61.0,
    "pct3ResTime" : 84.0,
    "throughput" : 472.5577570591961,
    "receivedKBytesPerSec" : 26.30448452380291,
    "sentKBytesPerSec" : 48787.37893919673
  }
}